SALE TYPE,SOLD DATE,PROPERTY TYPE,ADDRESS,CITY,STATE,ZIP,PRICE,BEDS,BATHS,LOCATION,SQUARE FEET,LOT SIZE,YEAR BUILT,DAYS ON MARKET,$/SQUARE FEET,HOA/MONTH,STATUS,NEXT OPEN HOUSE START TIME,NEXT OPEN HOUSE END TIME,URL (SEE http://www.redfin.com/buy-a-home/comparative-market-analysis FOR INFO ON PRICING),SOURCE,MLS#,FAVORITE,INTERESTED,LATITUDE,LONGITUDE
MLS Listing,,Townhouse,18910 Bothell-Everett Hwy Unit H1,Bothell,WA,98012,290000,3,2.5,North Creek,1106,236287,1988,44,262,382,Active,,,http://www.redfin.com/WA/Bothell/18910-Bothell-Everett-Hwy-98012/unit-H1/home/2826795,NWMLS,1225538,N,Y,47.8260994,-122.2085374
PAST SALE,November-17-2017,Townhouse,24035 40th Lane SE,Bothell,WA,98021,430000,3,2.25,Bothell,1449,1567,2006,68,297,50,Sold,,,http://www.redfin.com/WA/Bothell/24035-40th-Ln-SE-98021/home/11884352,NWMLS,1188690,N,Y,47.779725,-122.178344
PAST SALE,November-30-2017,Single Family Residential,1925 237th St SE,Bothell,WA,98021,642800,3,1.75,Canyon Park,1634,10454,1986,55,393,,Sold,,,http://www.redfin.com/WA/Bothell/1925-237th-St-SE-98021/home/2807200,NWMLS,1214151,N,Y,47.7838926,-122.206241
PAST SALE,December-18-2017,Single Family Residential,18632 10th Ave SE #10,Bothell,WA,98012,450000,3,2.5,Bothell,1369,4000,2004,37,329,60,Sold,,,http://www.redfin.com/WA/Bothell/18632-10th-Ave-SE-98012/unit-10/home/2913281,NWMLS,1218739,N,Y,47.8283319,-122.2179719
PAST SALE,January-4-2018,Single Family Residential,19307 25th Ave SE,Bothell,WA,98012,595000,4,2.25,Thrashers Corner,1996,3000,2005,20,298,41,Sold,,,http://www.redfin.com/WA/Bothell/19307-25th-Ave-SE-98012/unit-93/home/2909203,NWMLS,1224681,N,Y,47.8226767,-122.1988257
PAST SALE,November-15-2017,Single Family Residential,19111 13th Ave SE,Bothell,WA,98012,615000,5,2.75,Bothell,2678,4356,2008,70,230,21,Sold,,,http://www.redfin.com/WA/Mill-Creek/19111-13th-Ave-SE-98012/home/21501561,NWMLS,1203583,N,Y,47.8248288,-122.2145348
PAST SALE,January-17-2018,Single Family Residential,19624 2nd Dr SE,Bothell,WA,98012,644000,5,2.75,Bothell,2225,54184,2013,7,289,43,Sold,,,http://www.redfin.com/WA/Bothell/19624-2nd-Dr-SE-98012/unit-47/home/44581814,NWMLS,1228701,N,Y,47.820306,-122.22842
PAST SALE,January-5-2018,Single Family Residential,632 195th St SE,Bothell,WA,98012,618500,4,2.5,Canyon Park,3013,3920,2010,19,205,16,Sold,,,http://www.redfin.com/WA/Bothell/632-195th-St-SE-98012/home/26850874,NWMLS,1201801,N,Y,47.8219352,-122.2214731
PAST SALE,November-21-2017,Single Family Residential,19609 93rd Place NE,Bothell,WA,98011,796000,4,3.25,Bothell,3395,104544,2007,64,234,148,Sold,,,http://www.redfin.com/WA/Bothell/19609-93rd-Pl-NE-98011/unit-10/home/12318269,NWMLS,1173812,N,Y,47.7701244,-122.2158503
PAST SALE,January-12-2018,Single Family Residential,2318 177th St SE,Bothell,WA,98012,490000,4,2.25,Mays Pond,2008,27443,1975,12,244,30,Sold,,,http://www.redfin.com/WA/Bothell/2318-177th-St-SE-98012/home/2677497,NWMLS,1211518,N,Y,47.8368875,-122.200838
PAST SALE,December-20-2017,Single Family Residential,1926 181st St SE,Bothell,WA,98012,425000,3,2,Bothell,1336,6098,1980,35,318,,Sold,,,http://www.redfin.com/WA/Bothell/1926-181st-St-SE-98012/home/2791142,NWMLS,1214159,N,Y,47.8339906,-122.2061693
PAST SALE,December-28-2017,Single Family Residential,20200 25th Dr SE,Bothell,WA,98012,815900,4,3.25,Bothell,3532,6970,2003,27,231,27,Sold,,,http://www.redfin.com/WA/Bothell/20200-25th-Dr-SE-98012/home/2868807,NWMLS,1207698,N,Y,47.8146679,-122.1992053
PAST SALE,November-20-2017,Single Family Residential,18715 22nd Dr SE,Bothell,WA,98012,471000,3,2,Bothell,1658,10019,1997,65,284,92,Sold,,,http://www.redfin.com/WA/Bothell/18715-22nd-Dr-SE-98012/home/2852750,NWMLS,1195747,N,Y,47.8280446,-122.2022719
PAST SALE,November-8-2017,Single Family Residential,22615 38th Dr SE,Bothell,WA,98021,755000,3,2.5,Bothell,2336,3920,2014,77,323,65,Sold,,,http://www.redfin.com/WA/Bothell/22615-38th-Dr-SE-98021/home/69351802,NWMLS,1202203,N,Y,47.7925572,-122.1821062
PAST SALE,December-22-2017,Single Family Residential,17521 40th Dr SE,Bothell,WA,98012,735000,5,3.5,Mill Creek,3114,3920,2015,33,236,,Sold,,,http://www.redfin.com/WA/Bothell/17521-40th-Dr-SE-98012/home/102284080,NWMLS,1205885,N,Y,47.8384701,-122.1769088
PAST SALE,December-8-2017,Townhouse,24120 39th Ct SE,Bothell,WA,98021,534000,3,2.5,Canyon Park,1958,1750,2007,47,273,50,Sold,,,http://www.redfin.com/WA/Bothell/24120-39th-Ct-SE-98021/home/17127059,NWMLS,1197816,N,Y,47.7789534,-122.1800265
PAST SALE,December-13-2017,Condo/Co-op,2201 192nd St SE Unit U102,Bothell,WA,98012,315000,3,1.75,Bothell,1336,379380,1999,42,236,419,Sold,,,http://www.redfin.com/WA/Bothell/2201-192nd-St-SE-98012/unit-U102/home/2866583,NWMLS,1199698,N,Y,47.8263546,-122.2034132
PAST SALE,January-10-2018,Single Family Residential,326 181st Place SW,Bothell,WA,98012,420000,3,1.5,Bothell,1440,8276,1962,14,292,,Sold,,,http://www.redfin.com/WA/Bothell/326-181st-Pl-SW-98012/home/2662337,NWMLS,1224402,N,Y,47.8334406,-122.2383149
PAST SALE,November-30-2017,Single Family Residential,19023 25th Dr SE #2,Bothell,WA,98012,450000,4,2.5,Crystal Lake,1606,2309,2011,55,280,58,Sold,,,http://www.redfin.com/WA/Bothell/19023-25th-Dr-SE-98012/unit-2/home/40602963,NWMLS,1208380,N,Y,47.8250104,-122.1987901
PAST SALE,December-14-2017,Single Family Residential,22526 14th Place W,Bothell,WA,98021,446500,3,2.25,Bothell,1376,9148,1988,41,324,,Sold,,,http://www.redfin.com/WA/Bothell/22526-14th-Pl-W-98021/home/2802961,NWMLS,1195760,N,Y,47.7938295,-122.2526401
PAST SALE,January-11-2018,Single Family Residential,3806 219th Place SE,Bothell,WA,98021,701000,4,3,Bothell,2287,2829,2013,13,307,120,Sold,,,http://www.redfin.com/WA/Bothell/3806-219th-Pl-SE-98021/unit-54/home/44637021,NWMLS,1226514,N,Y,47.7983157,-122.1822472
PAST SALE,November-3-2017,Single Family Residential,2513 187th Place SE,Bothell,WA,98012,552500,3,2.75,North Bothell,1777,18731,1980,82,311,,Sold,,,http://www.redfin.com/WA/Bothell/2513-187th-Pl-SE-98012/home/2792930,NWMLS,1199118,N,Y,47.8279967,-122.1986644
MLS Listing,,Condo/Co-op,2009 196th St SE Unit F303,Bothell,WA,98012,275000,2,2,Bothell,924,,2000,1,298,273,Active,,,http://www.redfin.com/WA/Bothell/2009-196th-St-SE-98012/unit-F303/home/2884464,NWMLS,1237214,N,Y,47.821656,-122.2047141
MLS Listing,,Single Family Residential,18812 10th Dr SE Lot 7,Bothell,WA,98012,949950,5,2.75,North Creek,2704,18731,2018,1,351,,Active,January-28-2018 01:00 PM,January-28-2018 04:00 PM,http://www.redfin.com/WA/Bothell/18812-10th-Dr-SE-98012/unit-7/home/144763763,NWMLS,1237045,N,Y,47.8262206,-122.2177753
MLS Listing,,Townhouse,23125 15th Ave SE Unit F-3,Bothell,WA,98021,360000,2,2.5,Canyon Park,1228,,1994,1,293,374,Active,January-27-2018 01:00 PM,January-27-2018 04:00 PM,http://www.redfin.com/WA/Bothell/23125-15th-Ave-SE-98021/unit-F3/home/2839125,NWMLS,1236725,N,Y,47.7878586,-122.2111955
MLS Listing,,Multi-Family (2-4 Unit),531 Duchess Rd,Bothell,WA,98012,850000,6,5,Kennard Corner,2704,11326,1991,1,314,,Active,,,http://www.redfin.com/WA/Bothell/531-Duchess-Rd-98012/home/2806295,NWMLS,1236951,N,Y,47.8180971,-122.2232815
MLS Listing,,Mobile/Manufactured Home,19808 127th Ct NE,Bothell,WA,98011,329950,2,1.75,Holly Hills,1440,7536,1985,1,229,23,Active,January-27-2018 11:00 AM,January-27-2018 02:00 PM,http://www.redfin.com/WA/Bothell/19808-127th-Ct-NE-98011/home/59705000,NWMLS,1236353,N,Y,47.7718146,-122.171132
MLS Listing,,Single Family Residential,18222 3rd Dr SE,Bothell,WA,98012,759950,5,2.5,North Bothell,3392,4440,2017,2,224,20,Active,,,http://www.redfin.com/WA/Bothell/18222-3rd-Dr-SE-98012/home/144759651,NWMLS,1236704,N,Y,47.8317066,-122.2270597
MLS Listing,,Single Family Residential,18230 3rd Dr SE,Bothell,WA,98012,769950,5,2.75,North Bothell,3392,4440,2017,2,227,20,Active,,,http://www.redfin.com/WA/Bothell/18230-3rd-Dr-SE-98012/home/144759644,NWMLS,1236701,N,Y,47.8317066,-122.2270597
MLS Listing,,Single Family Residential,18218 3rd Dr SE,Bothell,WA,98012,759950,5,2.5,North Bothell,3392,4440,2017,2,224,20,Active,,,http://www.redfin.com/WA/Bothell/18218-3rd-Dr-SE-98012/home/144759643,NWMLS,1236702,N,Y,47.8317066,-122.2270597
MLS Listing,,Single Family Residential,18304 3rd Dr SE,Bothell,WA,98012,769950,5,2.75,North Bothell,3392,4440,2017,2,227,20,Active,,,http://www.redfin.com/WA/Bothell/18304-3rd-Dr-SE-98012/home/144759629,NWMLS,1236696,N,Y,47.8317066,-122.2270597
MLS Listing,,Single Family Residential,18316 3rd Dr SE,Bothell,WA,98012,729950,3,2.5,North Bothell,2450,4249,2018,2,298,20,Active,,,http://www.redfin.com/WA/Bothell/18316-3rd-Dr-SE-98012/home/144759611,NWMLS,1236689,N,Y,47.8317066,-122.2270597
MLS Listing,,Single Family Residential,22617 41st Dr SE Unit PVR23,Bothell,WA,98021,768995,4,2.75,Canyon Park,2708,4641,2018,4,284,56,Active,January-24-2018 10:00 AM,January-24-2018 04:00 PM,http://www.redfin.com/WA/Bothell/22617-41st-Dr-SE-98021/unit-PVR23/home/144748253,NWMLS,1236083,N,Y,47.7903175,-122.1775433
MLS Listing,,Single Family Residential,19036 84th  (Lot #6) Place NE,Bothell,WA,98011,1057967,5,3.25,Bothell,3436,4430,2018,5,308,84,Active,,,http://www.redfin.com/WA/Bothell/19036-84th-Pl-NE-98011/home/113178434,NWMLS,1236036,N,Y,47.766663,-122.227018
MLS Listing,,Mobile/Manufactured Home,23708 Locust Wy,Bothell,WA,98021,27500,2,1,Kenmore,705,,1976,5,39,,Active,,,http://www.redfin.com/WA/Bothell/23708-Locust-Way-98021/home/2872891,NWMLS,1235558,N,Y,47.781956,-122.259177
MLS Listing,,Mobile/Manufactured Home,12626 NE 189th St,Bothell,WA,98011,315000,3,1.75,Holly Hills,1458,5450,1988,5,216,23,Active,,,http://www.redfin.com/WA/Bothell/12626-NE-189th-St-98011/home/59705120,NWMLS,1233514,N,Y,47.7642316,-122.1712497
MLS Listing,,Single Family Residential,17604 3rd Ave SE #51,Bothell,WA,98012,759995,4,3.5,Martha Lake,3326,5175,2018,6,229,82,Active,,,http://www.redfin.com/WA/Bothell/17604-3rd-Ave-SE-98012/unit-51/home/144721943,NWMLS,1235067,N,Y,47.8407469,-122.2276321
MLS Listing,,Single Family Residential,17530 3rd Ave SE #53,Bothell,WA,98012,759995,4,3.5,Martha Lake,3326,5675,2018,6,229,82,Active,,,http://www.redfin.com/WA/Bothell/17530-3rd-Ave-SE-98012/unit-53/home/144721942,NWMLS,1235102,N,Y,47.8407906,-122.2276293
MLS Listing,,Single Family Residential,17522 3rd Ave SE #54,Bothell,WA,98012,740995,4,3.25,Martha Lake,3105,5675,2018,6,239,82,Active,,,http://www.redfin.com/WA/Bothell/17522-3rd-Ave-SE-98012/unit-54/home/144721941,NWMLS,1235113,N,Y,47.8407957,-122.227629
MLS Listing,,Single Family Residential,21823 34th Dr SE #15,Bothell,WA,98021,1044900,4,2.5,Canyon Park,3777,9603,2018,7,277,90,Active,,,http://www.redfin.com/WA/Bothell/21823-34th-Dr-SE-98021/unit-15/home/144718005,NWMLS,1234478,N,Y,47.7991334,-122.1870399
MLS Listing,,Single Family Residential,8855 NE 202nd Place #7,Bothell,WA,98011,989995,4,2.5,Bothell,3293,9945,2018,7,301,157,Active,January-24-2018 10:00 AM,January-24-2018 04:00 PM,http://www.redfin.com/WA/Bothell/8855-NE-202nd-Pl-98011/unit-7/home/144717542,NWMLS,1234516,N,Y,47.7749497,-122.2012486
MLS Listing,,Single Family Residential,8849 NE 202nd Place #8,Bothell,WA,98011,979995,5,2.75,Bothell,3095,9226,2018,7,317,157,Active,January-24-2018 10:00 AM,January-24-2018 04:00 PM,http://www.redfin.com/WA/Bothell/8849-NE-202nd-Pl-98011/unit-8/home/144717519,NWMLS,1234523,N,Y,47.7749497,-122.2012486
MLS Listing,,Single Family Residential,9327 NE 175th St,Bothell,WA,98011,825000,3,1.75,Bothell,2422,29445,1953,8,341,,Active,,,http://www.redfin.com/WA/Bothell/9327-NE-175th-St-98011/home/286541,NWMLS,1233508,N,Y,47.7543537,-122.2160637
MLS Listing,,Single Family Residential,20304 3rd Dr SE,Bothell,WA,98012,599900,4,2.5,Bothell,2283,3641,2011,8,263,55,Active,,,http://www.redfin.com/WA/Bothell/20304-3rd-Dr-SE-98012/home/35612326,NWMLS,1233377,N,Y,47.8137947,-122.2272312
MLS Listing,,Single Family Residential,23722 43rd Dr SE #235,Bothell,WA,98021,869950,5,3.25,Bothell,3222,3152,2018,8,270,71,Active,,,http://www.redfin.com/WA/Bothell/23722-43rd-Dr-SE-98021/unit-235/home/144713056,NWMLS,1234316,N,Y,47.788691,-122.1749082
MLS Listing,,Single Family Residential,,Bothell,WA,98021,900000,6,6,Canyon Park,2060,7841,1988,12,437,25,Active,,,http://www.redfin.com/WA/Bothell/Undisclosed-address-98021/home/2813344,NWMLS,1233103,N,Y,47.7928486,-122.2210229
MLS Listing,,Single Family Residential,4305 Lot 9 223RD PL SE,Bothell,WA,98021,764900,3,3,Canyon Park,2256,3468,2018,12,339,102,Active,,,http://www.redfin.com/WA/Bothell/4305-223rd-Pl-SE-98021/home/144675088,NWMLS,1232323,N,Y,47.7951871,-122.1764162
MLS Listing,,Single Family Residential,4303 Lot 8 223RD PL SE,Bothell,WA,98021,794900,3,2.5,Canyon Park,2518,3600,2018,12,316,102,Active,,,http://www.redfin.com/WA/Bothell/4303-223rd-Pl-SE-98021/home/144674829,NWMLS,1232331,N,Y,47.7951871,-122.1764162
MLS Listing,,Single Family Residential,235 239 (#1) St SE,Bothell,WA,98021,1145259,5,2.75,Bothell,3860,9604,2017,15,297,92,Active,January-26-2018 11:00 AM,January-26-2018 04:00 PM,http://www.redfin.com/WA/Bothell/235-1st-Dr-SE-98021/home/144662130,NWMLS,1231808,N,Y,47.781541,-122.228335
MLS Listing,,Single Family Residential,18705 45th. Ave SE,Bothell,WA,98012,887995,3,2.5,North Creek,2496,4476,2018,18,356,88,Active,,,http://www.redfin.com/WA/Bothell/18705-45th-Ave-SE-98012/home/144654454,NWMLS,1231183,N,Y,47.8289,-122.1723
MLS Listing,,Single Family Residential,1305 225th Place SW,Bothell,WA,98021,650000,4,2.5,Bothell,1533,6098,1986,19,424,,Active,January-27-2018 11:00 AM,January-27-2018 01:00 PM,http://www.redfin.com/WA/Bothell/1305-225th-Pl-SW-98021/home/2802812,NWMLS,1229838,N,Y,47.7938594,-122.2505059
MLS Listing,,Single Family Residential,9 216th St SE,Bothell,WA,98021,1150000,3,1.75,Queensborough,2007,25265,1963,19,573,,Active,,,http://www.redfin.com/WA/Bothell/9-216th-St-SE-98021/home/2727279,NWMLS,1230513,N,Y,47.8024357,-122.2321139
MLS Listing,,Single Family Residential,23607 43rd Dr SE #248,Bothell,WA,98021,824950,4,2.75,Bothell,2494,3600,2018,19,331,71,Active,,,http://www.redfin.com/WA/Bothell/23607-43rd-Dr-SE-98021/unit-248/home/144635789,NWMLS,1230900,N,Y,47.7885781,-122.1749347
MLS Listing,,Condo/Co-op,9627 NE 182nd Place #28,Bothell,WA,98011,759995,4,3.25,Downtown Bothell,2048,,2018,19,371,137,Active,,,http://www.redfin.com/WA/Bothell/9627-NE-182nd-Pl-98011/unit-28/home/144634428,NWMLS,1230744,N,Y,47.7600826,-122.1678955
MLS Listing,,Townhouse,18910 Bothell-Everett Hwy Unit C4,Bothell,WA,98012,290000,3,2.5,Bothell,1107,,1988,28,262,382,Active,,,http://www.redfin.com/WA/Bothell/18910-Bothell-Everett-Hwy-98012/unit-C4/home/2826757,NWMLS,1221664,N,Y,47.8260994,-122.2085374
MLS Listing,,Single Family Residential,18324 3rd Dr SE,Bothell,WA,98012,729950,3,2.5,North Bothell,2450,3014,2018,34,298,20,Active,January-25-2018 12:00 PM,January-25-2018 05:00 PM,http://www.redfin.com/WA/Bothell/18324-3rd-Dr-SE-98012/home/144541577,NWMLS,1228017,N,Y,47.8317066,-122.2270597
MLS Listing,,Townhouse,10323 NE 189th St Unit D,Bothell,WA,98011,777500,3,3.25,Downtown Bothell,1802,,2017,34,431,80,Active,,,http://www.redfin.com/WA/Bothell/10323-NE-189th-St-98011/unit-D/home/144536825,NWMLS,1227785,N,Y,47.7647547,-122.2022615
MLS Listing,,Single Family Residential,4318 231st Place SE,Bothell,WA,98021,944990,4,2.5,Canyon Park,3063,6253,2017,37,309,80,Active,,,http://www.redfin.com/WA/Bothell/4318-231-Pl-SE-98021/home/144511390,NWMLS,1227213,N,Y,47.787947,-122.174532
MLS Listing,,Mobile/Manufactured Home,17312 Woodcrest Dr NE,Bothell,WA,98011,279950,2,1.75,Cherry Hill,1440,9246,1979,39,194,130,Active,,,http://www.redfin.com/WA/Bothell/17312-Woodcrest-Dr-NE-98011/home/55554414,NWMLS,1226644,N,Y,47.7532337,-122.183361
MLS Listing,,Single Family Residential,8826 NE 202nd Place,Bothell,WA,98011,973995,4,2.5,Bothell,3293,7800,2018,41,296,157,Active,January-24-2018 12:00 AM,January-24-2018 04:00 PM,http://www.redfin.com/WA/Bothell/8826-NE-202nd-Pl-98011/home/143457853,NWMLS,1226525,N,Y,47.77507,-122.20701
MLS Listing,,Condo/Co-op,9721 NE 183rd St #37,Bothell,WA,98011,854995,4,3.25,Downtown Bothell,2097,,2018,42,408,137,Active,January-24-2018 10:00 AM,January-24-2018 05:00 PM,http://www.redfin.com/WA/Bothell/9721-NE-183rd-Ct-98011/unit-37/home/144479322,NWMLS,1225351,N,Y,47.7607062,-122.1962065
MLS Listing,,Single Family Residential,18725 46th Ave SE,Bothell,WA,98012,767995,5,2.75,North Creek,2186,4102,2018,43,351,88,Active,,,http://www.redfin.com/WA/Bothell/18725-46th-Ave-SE-98012/home/144476811,NWMLS,1225786,N,Y,47.828913,-122.172253
MLS Listing,,Single Family Residential,4313 186th Place SE,Bothell,WA,98012,769995,4,2.25,North Creek,2214,3485,2018,43,348,88,Active,,,http://www.redfin.com/WA/Bothell/4313-186th-Pl-SE-98012/home/114094465,NWMLS,1225763,N,Y,47.828913,-122.172253
MLS Listing,,Single Family Residential,4319 186th Place SE,Bothell,WA,98012,698995,3,2.25,North Creek,1567,3459,2018,43,446,88,Active,,,http://www.redfin.com/WA/Bothell/4319-186th-Pl-SE-98012/home/144476587,NWMLS,1225744,N,Y,47.8283658,-122.1724891
MLS Listing,,Single Family Residential,2635 236th St SE,Bothell,WA,98021,905000,5,2.75,Bothell,3146,6885,2017,48,288,100,Active,,,http://www.redfin.com/WA/Bothell/2635-236th-St-SE-98021/home/144451753,NWMLS,1219433,N,Y,47.7837658,-122.1938699
MLS Listing,,Single Family Residential,18210 3rd Dr SE,Bothell,WA,98012,759950,5,2.5,North Bothell,3392,4440,2017,49,224,20,Active,January-25-2018 01:00 PM,January-25-2018 05:00 PM,http://www.redfin.com/WA/Bothell/18210-3rd-Dr-SE-98012/home/143303317,NWMLS,1224399,N,Y,47.8332416,-122.2270735
MLS Listing,,Single Family Residential,23710 43rd Dr SE #232,Bothell,WA,98021,889950,4,3.5,North Creek,3395,3542,2017,53,262,71,Active,,,http://www.redfin.com/WA/Bothell/23710-43rd-Dr-SE-98021/unit-232/home/144419587,NWMLS,1223333,N,Y,47.7886187,-122.1749129
MLS Listing,,Single Family Residential,19028 84th  (Lot #5) Place NE,Bothell,WA,98011,1049902,5,2.75,Bothell,3401,4545,2017,54,309,84,Active,,,http://www.redfin.com/WA/Bothell/19028-5th-Pl-W-98012/home/144412460,NWMLS,1223252,N,Y,47.8397983,-122.2407273
MLS Listing,,Single Family Residential,18605 46th Ave SE,Bothell,WA,98012,719995,4,3.5,North Creek,2291,3246,2018,56,314,88,Active,,,http://www.redfin.com/WA/Bothell/18605-46th-Ave-SE-98012/home/144398077,NWMLS,1222532,N,Y,47.8289,-122.1723
MLS Listing,,Single Family Residential,18732 45th Dr SE,Bothell,WA,98012,719995,4,2.25,North Creek,1838,2811,2018,56,392,88,Active,,,http://www.redfin.com/WA/Bothell/18732-45th-Dr-SE-98012/home/144397986,NWMLS,1222526,N,Y,47.8161589,-122.1713449
MLS Listing,,Single Family Residential,17 242nd ( #16) St SE,Bothell,WA,98021,1225223,5,3.25,Canyon Park,4110,9600,2018,58,298,92,Active,January-26-2018 11:00 AM,January-26-2018 04:00 PM,http://www.redfin.com/WA/Bothell/17-16th-Pl-SE-98021/home/144385537,NWMLS,1221706,N,Y,47.77908,-122.231644
MLS Listing,,Vacant Land,Maltby Rd,Bothell,WA,98021,399000,0,,Thrashers Corner,,754459,,69,,,Active,,,http://www.redfin.com/WA/Bothell/Maltby-Rd-Unknown/home/40166956,NWMLS,1218039,N,Y,47.811651,-122.200815
MLS Listing,,Single Family Residential,18308 3rd Dr SE,Bothell,WA,98012,759950,5,2.5,North Bothell,3392,6105,2017,70,224,20,Active,,,http://www.redfin.com/WA/Bothell/18308-3rd-Dr-SE-98012/home/144319476,NWMLS,1218850,N,Y,47.8332416,-122.2270735
MLS Listing,,Single Family Residential,22003 33rd Dr SE #41,Bothell,WA,98021,1124900,5,4,Canyon Park,4236,9610,2018,71,266,90,Active,,,http://www.redfin.com/WA/Bothell/22003-33rd-Dr-SE-98021/unit-41/home/144317813,NWMLS,1218661,N,Y,47.8055965,-122.1882958
MLS Listing,,Single Family Residential,14 242nd (#38) St SE,Bothell,WA,98021,1219427,5,4,Canyon Park,4056,9663,2018,82,301,92,Active,January-26-2018 11:00 AM,January-26-2018 04:00 PM,http://www.redfin.com/WA/Bothell/14-242nd-St-SE-98021/home/144236485,NWMLS,1214782,N,Y,47.77908,-122.231644
MLS Listing,,Single Family Residential,5321 228th St SE,Bothell,WA,98021,649000,0,,Canyon Park,2725,46609,1961,82,238,,Active,,,http://www.redfin.com/WA/Bothell/5321-228th-St-SE-98021/home/143088921,NWMLS,1214868,N,Y,47.79115,-122.161273
MLS Listing,,Single Family Residential,18628 45th Dr SE,Bothell,WA,98012,863995,4,2.75,North Creek,2665,4091,2018,89,324,88,Active,,,http://www.redfin.com/WA/Bothell/18628-45th-Dr-SE-98012/home/144196507,NWMLS,1212648,N,Y,47.8289,-122.1723
MLS Listing,,Single Family Residential,18820 10th Dr SE Lot 5,Bothell,WA,98012,999990,4,2.75,Canyon Park,3000,19166,2017,89,333,,Active,January-28-2018 01:00 PM,January-28-2018 04:00 PM,http://www.redfin.com/WA/Bothell/18820-10th-Dr-SE-98012/unit-5/home/144186105,NWMLS,1205566,N,Y,47.826739,-122.2178089
MLS Listing,,Vacant Land,95th,Bothell,WA,98011,425000,0,,Bothell,,33904,,90,,,Active,,,http://www.redfin.com/WA/Bothell/95th-Ave-NE-98011/home/144170813,NWMLS,1211860,N,Y,47.764878,-122.213824
MLS Listing,,Single Family Residential,22009 33rd Dr SE #40,Bothell,WA,98021,1047900,3,2.5,Canyon Park,3777,9710,2018,91,277,90,Active,,,http://www.redfin.com/WA/Bothell/22009-33rd-Dr-SE-98021/unit-40/home/144163462,NWMLS,1211500,N,Y,47.8055965,-122.1882958
MLS Listing,,Single Family Residential,22016 33rd Dr SE #39,Bothell,WA,98021,1002900,4,2.5,Canyon Park,3182,9677,2018,91,315,90,Active,,,http://www.redfin.com/WA/Bothell/22016-33rd-Dr-SE-98021/unit-39/home/144163124,NWMLS,1211451,N,Y,47.8055965,-122.1882958
MLS Listing,,Single Family Residential,18214 3rd Dr SE,Bothell,WA,98012,759950,5,2.5,North Bothell,3392,4440,2017,100,224,20,Active,,,http://www.redfin.com/WA/Bothell/18214-3rd-Dr-SE-98012/home/144091179,NWMLS,1207838,N,Y,47.8332416,-122.2270735
MLS Listing,,Single Family Residential,18719 46th Ave SE,Bothell,WA,98012,684995,3,2.25,North Creek,1567,4015,2018,101,437,88,Active,,,http://www.redfin.com/WA/Bothell/18719-46th-Ave-SE-98012/home/144082987,NWMLS,1207587,N,Y,47.828913,-122.172253
MLS Listing,,Single Family Residential,1429 242nd Pl SE Place SE,Bothell,WA,98021,1165000,5,3.5,Bothell,3559,9697,2017,104,327,,Active,January-27-2018 01:00 AM,January-27-2018 04:00 PM,http://www.redfin.com/WA/Bothell/1429-242nd-Pl-SE-98021/home/144052584,NWMLS,1206798,N,Y,47.7780833,-122.2134097
MLS Listing,,Single Family Residential,3328 219th Place SE #10,Bothell,WA,98021,1214900,4,3.25,Canyon Park,3777,10034,2017,106,322,90,Active,,,http://www.redfin.com/WA/Bothell/3328-219th-Pl-SE-98021/unit-10/home/144039092,NWMLS,1205636,N,Y,47.7985955,-122.1826512
MLS Listing,,Single Family Residential,23713 3rd (Lot 2) Ave SE,Bothell,WA,98021,1387001,5,5,Canyon Park,4358,9880,2017,107,318,,Active,,,http://www.redfin.com/WA/Bothell/23713-2nd-Ave-SE-98021/home/144030775,NWMLS,1205186,N,Y,47.7809176,-122.2287724
MLS Listing,,Mobile/Manufactured Home,20514 31 Dr SE,Bothell,WA,98012,250000,2,1.75,Thrashers Corner,1200,6970,1977,109,208,150,Active,,,http://www.redfin.com/WA/Bothell/20514-31st-Dr-SE-98012/home/2660838,NWMLS,1204509,N,Y,47.8114625,-122.1911753
MLS Listing,,Vacant Land,5615 180 St SE,Bothell,WA,98012,675000,0,,Bothell,,259182,,119,,,Active,,,http://www.redfin.com/WA/Bothell/5615-180th-St-SE-98012/home/2501281,NWMLS,1199986,N,Y,47.8347831,-122.1569443
MLS Listing,,Single Family Residential,21832 34th Dr SE #32,Bothell,WA,98021,1214900,4,3.25,Canyon Park,3777,9633,2017,124,322,90,Active,,,http://www.redfin.com/WA/Bothell/21832-34th-Dr-SE-98012/unit-32/home/143855349,NWMLS,1197781,N,Y,47.809563,-122.186833
MLS Listing,,Condo/Co-op,9608 NE 182nd St #20,Bothell,WA,98011,772995,4,3.25,Downtown Bothell,2048,,2018,126,377,137,Active,January-24-2018 10:00 AM,January-24-2018 05:00 PM,http://www.redfin.com/WA/Bothell/9608-NE-182nd-St-98011/unit-20/home/144148880,NWMLS,1196688,N,Y,47.7599993,-122.2113223
MLS Listing,,Single Family Residential,19511 51 Ave SE,Bothell,WA,98012,4100000,5,3.5,Clearview,3800,733550,1922,128,1079,,Active,,,http://www.redfin.com/WA/Bothell/19511-51st-Ave-SE-98012/home/2529334,NWMLS,1195663,N,Y,47.821557,-122.161973
MLS Listing,,Single Family Residential,18023 3rd Dr SE Unit GP 39,Bothell,WA,98012,727990,4,3.25,North Creek,2750,4025,2018,129,265,20,Active,,,http://www.redfin.com/WA/Bothell/18023-3rd-Dr-SE-98012/unit-GP-39/home/143836260,NWMLS,1195061,N,Y,47.8342864,-122.2271303
MLS Listing,,Mobile/Manufactured Home,5615 180th St SE,Bothell,WA,98012,675000,3,2,Bothell,1004,259182,1995,131,672,,Active,,,http://www.redfin.com/WA/Bothell/5615-180th-St-SE-98012/home/2501282,NWMLS,1189712,N,Y,47.8347831,-122.1569443
MLS Listing,,Townhouse,18227 132nd Place NE,Woodinville,WA,98072,499900,3,2.5,Woodinville,1479,,1995,131,338,413,Active,,,http://www.redfin.com/WA/Woodinville/18227-132nd-Pl-NE-98072/unit-18227/home/40272051,NWMLS,1194094,N,Y,47.7607915,-122.1631445
MLS Listing,,Single Family Residential,20217 85th Place NE,Bothell,WA,98011,1062000,5,4,Bothell,3399,7211,2017,132,312,50,Active,,,http://www.redfin.com/WA/Bothell/20217-85th-Pl-NE-98011/home/143816708,NWMLS,1192896,N,Y,47.7574619,-122.2264823
MLS Listing,,Vacant Land,19300 Bothell Wy NE,Bothell,WA,98011,1500000,0,,Bothell,,78940,,133,,,Active,,,http://www.redfin.com/WA/Bothell/19300-Bothell-Way-NE-98011/home/143807689,NWMLS,1192155,N,Y,47.767404,-122.210076
MLS Listing,,Single Family Residential,25 242nd ST SE (#18),Bothell,WA,98021,1127551,4,3.5,Canyon Park,3711,10161,2017,136,304,92,Active,January-26-2018 11:00 AM,January-26-2018 04:00 PM,http://www.redfin.com/WA/Bothell/25-242nd-St-SE-98021/home/143779317,NWMLS,1191487,N,Y,47.788719,-122.183501
MLS Listing,,Single Family Residential,23616 43rd Dr SE #225,Bothell,WA,98021,819950,4,2.75,Bothell,2494,3600,2017,137,329,70,Active,,,http://www.redfin.com/WA/Bothell/23616-43rd-Dr-SE-98021/unit-225/home/143753747,NWMLS,1191515,N,Y,47.7886187,-122.1749129
MLS Listing,,Single Family Residential,4313 231st Place SE,Bothell,WA,98021,929990,4,2.5,Bothell,3063,5434,2017,138,304,80,Active,,,http://www.redfin.com/WA/Bothell/4313-231-Pl-SE-98021/home/143726790,NWMLS,1191005,N,Y,47.7883677,-122.1845996
MLS Listing,,Single Family Residential,4321 231st Place SE,Bothell,WA,98021,965990,5,3.5,Bothell,3312,8124,2017,138,292,80,Active,,,http://www.redfin.com/WA/Bothell/4321-231-Pl-SE-98021/home/143726298,NWMLS,1190964,N,Y,47.7883677,-122.1845996
MLS Listing,,Single Family Residential,234 239th (Lot 12) St SE,Bothell,WA,98021,1149997,5,2.75,Canyon Park,3310,9606,2017,151,347,92,Active,January-26-2018 11:00 AM,January-26-2018 04:00 PM,http://www.redfin.com/WA/Bothell/234-12th-Ave-SE-98012/home/143443825,NWMLS,1184943,N,Y,47.782622,-122.229233
MLS Listing,,Single Family Residential,18606 46th Ave SE,Bothell,WA,98012,779995,4,3.5,North Creek,2600,3339,2018,153,300,88,Active,,,http://www.redfin.com/WA/Bothell/18606-46th-Ave-SE-98012/home/143417846,NWMLS,1184008,N,Y,47.8289,-122.1723
MLS Listing,,Condo/Co-op,9608 NE 182nd Ct #21,Bothell,WA,98011,777955,4,3.25,Downtown Bothell,2048,,2018,161,380,137,Active,January-24-2018 10:00 AM,January-24-2018 05:00 PM,http://www.redfin.com/WA/Bothell/9608-NE-182nd-Ct-98011/unit-21/home/143313075,NWMLS,1179895,N,Y,47.7597866,-122.1962453
MLS Listing,,Single Family Residential,3323 219th Place SE #31,Bothell,WA,98021,1121900,5,2.5,Canyon Park,4236,9712,2017,161,265,90,Active,,,http://www.redfin.com/WA/Bothell/3323-219th-Pl-SE-98021/unit-31/home/143311809,NWMLS,1179664,N,Y,47.7985962,-122.18279
MLS Listing,,Mobile/Manufactured Home,2200 196th St SE #73,Bothell,WA,98012,135000,3,2,Bothell,935,,2017,163,144,,Active,,,http://www.redfin.com/WA/Bothell/2200-196th-St-SE-98012/unit-73/home/2875060,NWMLS,1178656,N,Y,47.8186196,-122.2033852
MLS Listing,,Single Family Residential,4524 186th Place SE Unit A,Bothell,WA,98012,659995,3,3.5,North Creek,2190,2387,2018,168,301,88,Active,,,http://www.redfin.com/WA/Bothell/4524-186th-Pl-SE-98012/unit-A/home/143185162,NWMLS,1176279,N,Y,47.8283509,-122.1724901
MLS Listing,,Single Family Residential,21806 33rd Dr SE #2,Bothell,WA,98021,1254900,5,3.25,Canyon Park,4236,9600,2017,178,296,90,Active,,,http://www.redfin.com/WA/Bothell/21806-33rd-Dr-SE-98021/unit-2/home/143050923,NWMLS,1170218,N,Y,47.8055965,-122.1882958
MLS Listing,,Vacant Land,19009 51st Ave SE,Bothell,WA,98012,854000,0,,Bothell,,645123,,186,,,Active,,,http://www.redfin.com/WA/Bothell/19009-51st-Ave-SE-98012/home/142984283,NWMLS,1165561,N,Y,47.824759,-122.157949
MLS Listing,,Vacant Land,19021 51st Ave SE,Bothell,WA,98012,474000,0,,Bothell,,222429,,186,,,Active,,,http://www.redfin.com/WA/Bothell/19021-51st-Ave-SE-98012/home/62262758,NWMLS,1165560,N,Y,47.824505,-122.161645
MLS Listing,,Single Family Residential,18611 46th Ave SE,Bothell,WA,98012,719995,4,3.5,North Creek,2301,3262,2018,186,313,88,Active,,,http://www.redfin.com/WA/Bothell/18611-46th-Ave-SE-98012/home/142977390,NWMLS,1166334,N,Y,47.8289,-122.1723
MLS Listing,,Single Family Residential,21813 33rd Dr SE #36,Bothell,WA,98021,996900,4,2.5,Canyon Park,3182,9631,2017,199,313,90,Active,,,http://www.redfin.com/WA/Bothell/21813-33rd-Dr-SE-98021/unit-36/home/141361973,NWMLS,1157889,N,Y,47.8055965,-122.1882958
MLS Listing,,Single Family Residential,3310 219th Place SE #8,Bothell,WA,98021,1119900,5,4.5,Canyon Park,4236,9774,2018,199,264,90,Active,,,http://www.redfin.com/WA/Bothell/3310-219th-Pl-SE-98021/unit-8/home/141348474,NWMLS,1157830,N,Y,47.7985955,-122.1826512
MLS Listing,,Vacant Land,19806 13th Dr SE,Bothell,WA,98012,2099000,0,,Thrashers Corner,,43560,,239,,,Active,,,http://www.redfin.com/WA/Bothell/19806-13th-Dr-SE-98012/home/2553192,NWMLS,1134735,N,Y,47.8189306,-122.2141509
MLS Listing,,Vacant Land,10722 E Riverside Dr,Bothell,WA,98011,1008000,0,,Sammamish River,,87078,,323,,,Active,,,http://www.redfin.com/WA/Bothell/10722-E-Riverside-Dr-98011/home/113376880,NWMLS,1086868,N,Y,47.7566481,-122.2004084
MLS Listing,,Vacant Land,19611 North Creek Park,Bothell,WA,98011,7500000,0,,North Creek,,270986,,597,,,Active,,,http://www.redfin.com/WA/Bothell/19611-N-Creek-Pkwy-98011/home/106131584,NWMLS,955249,N,Y,47.7702209,-122.184656
For-Sale-by-Owner Listing,,Single Family Residential,23545 14th Dr SE,Bothell,WA,98021,799000,4,2.5,Bothell,2454,13068,2000,1,326,,Active,,,http://www.redfin.com/WA/Bothell/23545-14th-Dr-SE-98021/home/2871329,Fizber.com,4947431,N,Y,47.784546,-122.2136745
For-Sale-by-Owner Listing,,Single Family Residential,23630 N Lake Cir,Bothell,WA,98021,365000,3,2,Bothell,1812,5662,1983,7,201,,Active,,,http://www.redfin.com/WA/Bothell/23630-N-Lake-Cir-98021/home/2795886,Fizber.com,4946772,N,Y,47.7835277,-122.2488581
For-Sale-by-Owner Listing,,Mobile/Manufactured Home,11330 E Riverside Dr Unit 34,Bothell,WA,98011,159999,2,1.75,Bothell,1296,,1986,151,123,,Active,,,http://www.redfin.com/WA/Bothell/11330-E-Riverside-Dr-98011/unit-34/home/143434327,Fizber.com,4929033,N,Y,47.7531706,-122.1889956
New Construction Home,,Single Family Residential,18728 46th Ave NE,Bothell,WA,98012,719995,4,2.5,Timber Creek - The Courtyards,1876,,2018,13,384,,Active,,,http://www.redfin.com/WA/Bothell/18728-46th-Ave-SE-98012/home/144671397,NewHomeSource.com,1406629,N,Y,47.828913,-122.172253
New Construction Home,,Single Family Residential,23731 43rd Dr SE,Bothell,WA,98021,874950,4,3.5,North Creek Ridge,3316,,2018,18,264,,Active,,,http://www.redfin.com/WA/Bothell/23731-43rd-Dr-SE-98021/home/144650975,NewHomeSource.com,1404695,N,Y,47.7838,-122.173
New Construction Home,,Single Family Residential,9608 NE 182nd Ct. C,Bothell,WA,98011,762995,4,3.5,Dawson Square,2048,,2017,48,373,,Active,,,http://www.redfin.com/WA/Bothell/9608-NE-182nd-Ct-98011/unit-19/home/143120003,NewHomeSource.com,1397161,N,Y,47.7597866,-122.1962453
New Construction Home,,Single Family Residential,4431 231st Pl SE,Bothell,WA,98021,939990,4,3.5,Talavera Ridge,3312,,2017,92,284,,Active,,,http://www.redfin.com/WA/Bothell/4431-231-Pl-SE-98021/home/114027963,NewHomeFeed,606760,N,Y,47.7883677,-122.1845996
New Construction Home,,Townhouse,4528 186th Pl SE,Bothell,WA,98012,659995,3,3.5,Timber Creek - The Towns,2190,,2017,161,301,,Active,,,http://www.redfin.com/WA/Bothell/4528-186th-Pl-SE-98012/home/143309375,NewHomeSource.com,1362614,N,Y,47.8289,-122.1723
New Construction Home,,Single Family Residential,2636 236th St SE Lot 14,Bothell,WA,98021,850000,4,3,Tall Cedars,3009,,2017,351,282,,Active,,,http://www.redfin.com/WA/Bothell/2636-236th-St-SE-98021/unit-14/home/143318377,NewHomeFeed,573729,N,Y,47.7837652,-122.1937298
New Construction Plan,,Single Family Residential,Aspen,Bothell,WA,98012,,4,3.5,Normandie on 3rd,3326,,,,,,Active,,,http://www.redfin.com/WA/Bothell/Normandie-on-3rd/Aspen/home/144724189,DR Horton,Plan-391304,N,Y,47.8388971,-122.2275251
New Construction Plan,,Single Family Residential,Windom,Bothell,WA,98012,,4,2.5,Normandie on 3rd,3105,,,,,,Active,,,http://www.redfin.com/WA/Bothell/Normandie-on-3rd/Windom/home/144724188,DR Horton,Plan-391305,N,Y,47.8388971,-122.2275251
New Construction Plan,,Single Family Residential,Residence 417,Bothell,WA,98021,824990,4,2.5,Talavera Ridge,2566,,,,322,,Active,,,http://www.redfin.com/WA/Bothell/Talavera-Ridge/Residence-417/home/144711868,NewHomeSource.com,Plan-31467039,N,Y,47.787947,-122.1745322
New Construction Plan,,Single Family Residential,Windom,Bothell,WA,98021,799995,4,2.5,Parkview Ridge,3105,,,,258,,Active,,,http://www.redfin.com/WA/Bothell/Parkview-Ridge/Windom/home/144356802,NewHomeSource.com,Plan-31453113,N,Y,47.7923063,-122.1774516
New Construction Plan,,Single Family Residential,Lincoln (WA),Bothell,WA,98012,719995,3,3.5,Timber Creek - The Bungalows,2301,,,,313,,Active,,,http://www.redfin.com/WA/Bothell/Timber-Creek-The-Bungalows/Lincoln-WA/home/103657485,NewHomeSource.com,Plan-31227755,N,Y,47.828913,-122.172253
New Construction Plan,,Single Family Residential,Penrose (WA),Bothell,WA,98012,719995,3,3.5,Timber Creek - The Bungalows,2320,,,,310,,Active,,,http://www.redfin.com/WA/Bothell/Timber-Creek-The-Bungalows/Penrose-WA/home/103657484,NewHomeSource.com,Plan-31227756,N,Y,47.828913,-122.172253
New Construction Plan,,Single Family Residential,Jasmine,Bothell,WA,98012,552995,2,2.5,Timber Creek - The Bungalows,1386,,,,399,,Active,,,http://www.redfin.com/WA/Bothell/Timber-Creek-The-Bungalows/Jasmine/home/105429968,NewHomeSource.com,Plan-31254576,N,Y,47.828913,-122.172253
New Construction Plan,,Single Family Residential,Kingston (WA),Bothell,WA,98012,859995,4,2.5,Timber Creek - The Signature,2640,,,,326,,Active,,,http://www.redfin.com/WA/Bothell/Timber-Creek-The-Signature/Kingston-WA/home/102462993,NewHomeSource.com,Plan-31172994,N,Y,47.828913,-122.172253
New Construction Plan,,Single Family Residential,Chelan,Bothell,WA,98012,859995,3,2.5,Timber Creek - The Signature,2484,,,,346,,Active,,,http://www.redfin.com/WA/Bothell/Timber-Creek-The-Signature/Chelan/home/102462989,NewHomeSource.com,Plan-31172997,N,Y,47.828913,-122.172253
New Construction Plan,,Single Family Residential,Fern,Bothell,WA,98012,749995,4,2.5,Timber Creek - The Courtyards,2186,,,,343,,Active,,,http://www.redfin.com/WA/Bothell/Timber-Creek-The-Courtyards/Fern/home/109194915,NewHomeSource.com,Plan-31325975,N,Y,47.828913,-122.172253
New Construction Plan,,Single Family Residential,Hawthorn,Bothell,WA,98012,659995,3,2.5,Timber Creek - The Courtyards,1541,,,,428,,Active,,,http://www.redfin.com/WA/Bothell/Timber-Creek-The-Courtyards/Hawthorn/home/109194914,NewHomeSource.com,Plan-31325976,N,Y,47.828913,-122.172253
New Construction Plan,,Single Family Residential,Snowberry,Bothell,WA,98012,674995,3,2.5,Timber Creek - The Courtyards,1567,,,,431,,Active,,,http://www.redfin.com/WA/Bothell/Timber-Creek-The-Courtyards/Snowberry/home/109194913,NewHomeSource.com,Plan-31325977,N,Y,47.828913,-122.172253
New Construction Plan,,Single Family Residential,Willow (WA),Bothell,WA,98012,719995,4,2.5,Timber Creek - The Courtyards,1838,,,,392,,Active,,,http://www.redfin.com/WA/Bothell/Timber-Creek-The-Courtyards/Willow-WA/home/109194912,NewHomeSource.com,Plan-31325978,N,Y,47.828913,-122.172253
New Construction Plan,,Single Family Residential,Liberty,Bothell,WA,98012,720995,4,2.5,Timber Creek - The Courtyards,1876,,,,384,,Active,,,http://www.redfin.com/WA/Bothell/Timber-Creek-The-Courtyards/Liberty/home/109194911,NewHomeSource.com,Plan-31325979,N,Y,47.828913,-122.172253
New Construction Plan,,Single Family Residential,Cascade,Bothell,WA,98011,973995,4,2.5,Ravens Ridge,3293,,,,296,,Active,,,http://www.redfin.com/WA/Bothell/Ravens-Ridge/Cascade/home/144477674,NewHomeSource.com,Plan-31460574,N,Y,47.7745171,-122.2218092
New Construction Plan,,Single Family Residential,Mason,Bothell,WA,98011,988995,4,2.5,Ravens Ridge,3382,,,,292,,Active,,,http://www.redfin.com/WA/Bothell/Ravens-Ridge/Mason/home/144477673,NewHomeSource.com,Plan-31460575,N,Y,47.7745171,-122.2218092
New Construction Plan,,Single Family Residential,Russell,Bothell,WA,98011,948995,5,2.5,Ravens Ridge,3095,,,,307,,Active,,,http://www.redfin.com/WA/Bothell/Ravens-Ridge/Russell/home/144477672,NewHomeSource.com,Plan-31460576,N,Y,47.7745171,-122.2218092
New Construction Plan,,Single Family Residential,Barclay,Bothell,WA,98021,,4,4,Parkview Ridge,3280,,,,,,Active,,,http://www.redfin.com/WA/Bothell/Parkview-Ridge/Barclay/home/144629816,DR Horton,Plan-389395,N,Y,47.7923063,-122.1774516
New Construction Plan,,Single Family Residential,Elm,Bothell,WA,98012,728995,3,2.5,Timber Creek - The Carriages,2202,,,,331,,Active,,,http://www.redfin.com/WA/Bothell/Timber-Creek-The-Carriages/Elm/home/111089159,NewHomeSource.com,Plan-31343205,N,Y,47.828913,-122.172253
New Construction Plan,,Single Family Residential,Tyee,Bothell,WA,98021,,3,3.5,Parkview Ridge,2620,,,,,,Active,,,http://www.redfin.com/WA/Bothell/Parkview-Ridge/Tyee/home/144539922,DR Horton,Plan-388292,N,Y,47.7923063,-122.1774516
New Construction Plan,,Single Family Residential,Cottonwood,Bothell,WA,98012,749995,4,2.5,Timber Creek - The Courtyards,2214,,,,339,,Active,,,http://www.redfin.com/WA/Bothell/Timber-Creek-The-Courtyards/Cottonwood/home/109194916,NewHomeSource.com,Plan-31325974,N,Y,47.828913,-122.172253
New Construction Plan,,Single Family Residential,Augusta,Bothell,WA,98011,,4,2.5,Ravens Ridge,3464,,,,,,Active,,,http://www.redfin.com/WA/Bothell/Ravens-Ridge/Augusta/home/144477675,DR Horton,Plan-387207,N,Y,47.7745171,-122.2218092
New Construction Plan,,Single Family Residential,Residence 481,Bothell,WA,98021,929990,4,2.5,Talavera Ridge,3063,,,,304,,Active,,,http://www.redfin.com/WA/Bothell/Talavera-Ridge/Residence-481/home/144269728,NewHomeSource.com,Plan-31449238,N,Y,47.787947,-122.1745322
New Construction Plan,,Single Family Residential,Palmer II,Bothell,WA,98021,719995,3,3,Parkview Ridge,2451,,,,294,,Active,,,http://www.redfin.com/WA/Bothell/Parkview-Ridge/Palmer-II/home/144359081,NewHomeSource.com,Plan-31453577,N,Y,47.7923063,-122.1774516
New Construction Plan,,Single Family Residential,Residence 447,Bothell,WA,98021,965990,5,4.5,Talavera Ridge,3312,,,,292,,Active,,,http://www.redfin.com/WA/Bothell/Talavera-Ridge/Residence-447/home/122384436,NewHomeSource.com,Plan-31449236,N,Y,47.787947,-122.1745322
New Construction Plan,,Single Family Residential,Leota,Bothell,WA,98012,863995,3,2.5,Timber Creek - The Signature,2665,,,,324,,Active,,,http://www.redfin.com/WA/Bothell/Timber-Creek-The-Signature/Leota/home/102462987,NewHomeSource.com,Plan-31172998,N,Y,47.828913,-122.172253
New Construction Plan,,Single Family Residential,Residence 423,Bothell,WA,98021,875990,4,3,Talavera Ridge,2971,,,,295,,Active,,,http://www.redfin.com/WA/Bothell/Talavera-Ridge/Residence-423/home/144269730,NewHomeSource.com,Plan-31449235,N,Y,47.787947,-122.1745322
New Construction Plan,,Single Family Residential,Sidney,Bothell,WA,98012,779995,3,3.5,Timber Creek - The Bungalows,2600,,,,300,,Active,,,http://www.redfin.com/WA/Bothell/Timber-Creek-The-Bungalows/Sidney/home/143512181,NewHomeSource.com,Plan-31429978,N,Y,47.828913,-122.172253
New Construction Plan,,Single Family Residential,Residence 480,Bothell,WA,98021,869990,4,3,Talavera Ridge,2818,,,,309,,Active,,,http://www.redfin.com/WA/Bothell/Talavera-Ridge/Residence-480/home/144288456,NewHomeSource.com,Plan-31450836,N,Y,47.787947,-122.1745322
New Construction Plan,,Single Family Residential,Denali Home Within a Home,Bothell,WA,98021,899950,5,4,North Creek Ridge,3471,,,,259,,Active,,,http://www.redfin.com/WA/Bothell/North-Creek-Ridge/Denali-Home-Within-a-Home/home/113118250,NewHomeSource.com,Plan-31366545,N,Y,47.783798,-122.17339
New Construction Plan,,Single Family Residential,Newhalem Daylight,Bothell,WA,98021,,5,3.5,Parkview Ridge,3126,,,,,,Active,,,http://www.redfin.com/WA/Bothell/Parkview-Ridge/Newhalem-Daylight/home/144280619,DR Horton,Plan-383791,N,Y,47.7923063,-122.1774516
New Construction Plan,,Single Family Residential,Baker,Bothell,WA,98012,,4,2.5,Ryan Park,2682,,,,,,Active,,,http://www.redfin.com/WA/Bothell/Ryan-Park/Baker/home/144280618,DR Horton,Plan-383792,N,Y,47.8210009,-122.2360475
New Construction Plan,,Single Family Residential,Cascade,Bothell,WA,98012,,4,2.5,Ryan Park,3293,,,,,,Active,,,http://www.redfin.com/WA/Bothell/Ryan-Park/Cascade/home/144280617,DR Horton,Plan-383793,N,Y,47.8210009,-122.2360475
New Construction Plan,,Single Family Residential,Cavanaugh,Bothell,WA,98012,685995,4,2.5,Ryan Park,2246,,,,305,,Active,,,http://www.redfin.com/WA/Bothell/Ryan-Park/Cavanaugh/home/144280616,DR Horton,Plan-383794,N,Y,47.8210009,-122.2360475
New Construction Plan,,Single Family Residential,Dayton,Bothell,WA,98012,,3,2.5,Ryan Park,2084,,,,,,Active,,,http://www.redfin.com/WA/Bothell/Ryan-Park/Dayton/home/144280615,DR Horton,Plan-383795,N,Y,47.8210009,-122.2360475
New Construction Plan,,Single Family Residential,Rainier,Bothell,WA,98012,,4,2.5,Ryan Park,2606,,,,,,Active,,,http://www.redfin.com/WA/Bothell/Ryan-Park/Rainier/home/144280614,DR Horton,Plan-383796,N,Y,47.8210009,-122.2360475
New Construction Plan,,Single Family Residential,Trafton,Bothell,WA,98012,702995,4,2.5,Ryan Park,2346,,,,300,,Active,,,http://www.redfin.com/WA/Bothell/Ryan-Park/Trafton/home/144280613,DR Horton,Plan-383797,N,Y,47.8210009,-122.2360475
New Construction Plan,,Single Family Residential,Columbia,Bothell,WA,98021,889950,4,3.5,North Creek Ridge,3395,,,,262,,Active,,,http://www.redfin.com/WA/Bothell/North-Creek-Ridge/Columbia/home/113118251,NewHomeSource.com,Plan-31366544,N,Y,47.783798,-122.17339
New Construction Plan,,Single Family Residential,Whatcom,Bothell,WA,98021,768995,4,2.5,Parkview Ridge,2708,,,,284,,Active,,,http://www.redfin.com/WA/Bothell/Parkview-Ridge/Whatcom/home/144219844,NewHomeSource.com,Plan-21446404,N,Y,47.7923063,-122.1774516
New Construction Plan,,Single Family Residential,McKinley Home Within a Home,Bothell,WA,98021,889950,4,3.5,North Creek Ridge,3316,,,,268,,Active,,,http://www.redfin.com/WA/Bothell/North-Creek-Ridge/McKinley-Home-Within-a-Home/home/113118252,NewHomeSource.com,Plan-31366543,N,Y,47.783798,-122.17339
New Construction Plan,,Single Family Residential,Ballinger,Bothell,WA,98021,859950,5,3.5,North Creek Ridge,3222,,,,267,,Active,,,http://www.redfin.com/WA/Bothell/North-Creek-Ridge/Ballinger/home/113118253,NewHomeSource.com,Plan-31366542,N,Y,47.783798,-122.17339
New Construction Plan,,Single Family Residential,Residence B-380,Bothell,WA,98021,984900,4,2.5,Greenstone Heights,3182,,,,310,,Active,,,http://www.redfin.com/WA/Bothell/Greenstone-Heights/Residence-B-380/home/142994741,NewHomeSource.com,Plan-31415262,N,Y,47.799818,-122.187186
New Construction Plan,,Single Family Residential,Sequoia,Bothell,WA,98021,849950,5,3,North Creek Ridge,2825,,,,301,,Active,,,http://www.redfin.com/WA/Bothell/North-Creek-Ridge/Sequoia/home/113118254,NewHomeSource.com,Plan-31366541,N,Y,47.783798,-122.17339
New Construction Plan,,Single Family Residential,Residence B-410,Bothell,WA,98021,1029900,3,2.5,Greenstone Heights,3777,,,,273,,Active,,,http://www.redfin.com/WA/Bothell/Greenstone-Heights/Residence-B-410/home/142994742,NewHomeSource.com,Plan-31415261,N,Y,47.799818,-122.187186
New Construction Plan,,Single Family Residential,Magnolia,Bothell,WA,98021,809950,4,2.5,North Creek Ridge,2501,,,,324,,Active,,,http://www.redfin.com/WA/Bothell/North-Creek-Ridge/Magnolia/home/113118255,NewHomeSource.com,Plan-31366540,N,Y,47.783798,-122.17339
New Construction Plan,,Single Family Residential,Residence B-440,Bothell,WA,98021,1114900,5,2.5,Greenstone Heights,4236,,,,263,,Active,,,http://www.redfin.com/WA/Bothell/Greenstone-Heights/Residence-B-440/home/142994743,NewHomeSource.com,Plan-31415260,N,Y,47.799818,-122.187186
New Construction Plan,,Single Family Residential,Aspen,Bothell,WA,98021,799950,4,3,North Creek Ridge,2494,,,,321,,Active,,,http://www.redfin.com/WA/Bothell/North-Creek-Ridge/Aspen/home/113118256,NewHomeSource.com,Plan-21366539,N,Y,47.783798,-122.17339
New Construction Plan,,Single Family Residential,Burke Elite,Bothell,WA,98011,844995,4,3.5,Dawson Square,2097,,,,403,,Active,,,http://www.redfin.com/WA/Bothell/Dawson-Square/Burke-Elite/home/143100307,NewHomeSource.com,Plan-21417565,N,Y,47.759999,-122.211341
New Construction Plan,,Single Family Residential,Burke,Bothell,WA,98011,754995,4,3.5,Dawson Square,2048,,,,369,,Active,,,http://www.redfin.com/WA/Bothell/Dawson-Square/Burke/home/143100308,NewHomeSource.com,Plan-21417564,N,Y,47.759999,-122.211341
New Construction Plan,,Single Family Residential,The Deplama,Bothell,WA,98021,939990,4,3.5,Talavera Ridge,3312,,,,284,,Active,,,http://www.redfin.com/WA/Bothell/Talavera-Ridge/The-Deplama/home/144152295,NewHomeFeed,Plan-380275,N,Y,47.787947,-122.1745322
New Construction Plan,,Single Family Residential,The Kimball,Bothell,WA,98021,909990,4,3,Talavera Ridge,3085,,,,295,,Active,,,http://www.redfin.com/WA/Bothell/Talavera-Ridge/The-Kimball/home/144152294,NewHomeFeed,Plan-380277,N,Y,47.787947,-122.1745322
New Construction Plan,,Single Family Residential,The Prescott,Bothell,WA,98021,875990,4,3.5,Talavera Ridge,2971,,,,295,,Active,,,http://www.redfin.com/WA/Bothell/Talavera-Ridge/The-Prescott/home/144152292,NewHomeFeed,Plan-380278,N,Y,47.787947,-122.1745322
New Construction Plan,,Single Family Residential,The Caldwell,Bothell,WA,98021,929990,4,2.5,Talavera Ridge,3063,,,,304,,Active,,,http://www.redfin.com/WA/Bothell/Talavera-Ridge/The-Caldwell/home/144152291,NewHomeFeed,Plan-380280,N,Y,47.787947,-122.1745322
New Construction Plan,,Townhouse,Skykomish,Bothell,WA,98012,659995,3,3.5,Timber Creek - The Towns,2190,,,,301,,Active,,,http://www.redfin.com/WA/Bothell/Timber-Creek-The-Towns/Skykomish/home/143100309,NewHomeSource.com,Plan-21417563,N,Y,47.828913,-122.172253
New Construction Plan,,Single Family Residential,Residence G-251,Bothell,WA,98021,804750,3,2.5,Grove at Canyon Park,2518,,,,320,,Active,,,http://www.redfin.com/WA/Bothell/Grove-at-Canyon-Park/Residence-G-251/home/112734145,NewHomeSource.com,Plan-21350921,N,Y,47.7947809,-122.1734408
New Construction Plan,,Single Family Residential,Kokanee,Bothell,WA,98021,,3,2.5,Parkview Ridge,2393,,,,,,Active,,,http://www.redfin.com/WA/Bothell/Parkview-Ridge/Kokanee/home/144057607,DR Horton,Plan-379672,N,Y,47.7923063,-122.1774516
New Construction Plan,,Single Family Residential,Trafton Daylight,Bothell,WA,98021,,5,3.5,Parkview Ridge,3013,,,,,,Active,,,http://www.redfin.com/WA/Bothell/Parkview-Ridge/Trafton-Daylight/home/144053819,DR Horton,Plan-379146,N,Y,47.7923063,-122.1774516
New Construction Plan,,Single Family Residential,Armstrong Daylight,Bothell,WA,98021,,4,3.5,Parkview Ridge,2850,,,,,,Active,,,http://www.redfin.com/WA/Bothell/Parkview-Ridge/Armstrong-Daylight/home/143824099,DR Horton,Plan-376722,N,Y,47.7923063,-122.1774516
New Construction Plan,,Single Family Residential,Cavanaugh Daylight,Bothell,WA,98021,,5,3.5,Parkview Ridge,2781,,,,,,Active,,,http://www.redfin.com/WA/Bothell/Parkview-Ridge/Cavanaugh-Daylight/home/143824097,DR Horton,Plan-376724,N,Y,47.7923063,-122.1774516
New Construction Plan,,Single Family Residential,Weston Super Value- 210WV14401V,Bothell,WA,98021,69900,1,1,Country Club Estates,560,,,,125,,Active,,,http://www.redfin.com/WA/Bothell/Country-Club-Estates/Weston-Super-Value-210WV14401V/home/113732172,NewHomeFeed,Plan-356712,N,Y,47.781956,-122.259177
New Construction Plan,,Single Family Residential,Cypress,Bothell,WA,98021,850000,4,3,Tall Cedars,3009,,,,282,,Active,,,http://www.redfin.com/WA/Bothell/Tall-Cedars/Cypress/home/143318376,NewHomeFeed,Plan-343503,N,Y,47.7853799,-122.1995998
PAST SALE,December-7-2017,Single Family Residential,3009 200th St SE,Bothell,WA,98012,464000,3,2.5,Thrashers Corner,1745,6534,1997,48,266,60,Sold,,,http://www.redfin.com/WA/Bothell/3009-200th-St-SE-98012/home/2851346,NWMLS,1211855,N,Y,47.816261,-122.192499
PAST SALE,October-26-2017,Single Family Residential,24 175th Place SE,Bothell,WA,98012,626990,3,3,Bothell,2614,3769,2017,90,240,,Sold,,,http://www.redfin.com/WA/Bothell/24-175th-Pl-SE-98012/home/113281659,NWMLS,1085722,N,Y,47.8387904,-122.2078479
PAST SALE,December-20-2017,Single Family Residential,22410 Lot 3 43RD DR SE,Bothell,WA,98021,688190,4,3,Canyon Park,2256,3600,2017,35,305,102,Sold,,,http://www.redfin.com/WA/Bothell/22410-43rd-Dr-SE-98021/home/113896046,NWMLS,1122154,N,Y,47.7949019,-122.1752504
PAST SALE,November-3-2017,Condo/Co-op,2000 192nd St SE #113,Bothell,WA,98012,192500,3,1.75,Canyon Park,1680,,1980,82,115,100,Sold,,,http://www.redfin.com/WA/Bothell/2000-192nd-St-SE-98012/unit-113/home/2794269,NWMLS,1137232,N,Y,47.823132,-122.204956
PAST SALE,December-14-2017,Single Family Residential,4316 lot 59 224th PL SE,Bothell,WA,98021,744867,4,2.75,Canyon Park,2518,4966,2017,41,296,102,Sold,,,http://www.redfin.com/WA/Bothell/59-224th-St-SE-98021/home/113983466,NWMLS,1129231,N,Y,47.7949525,-122.2325591
PAST SALE,November-22-2017,Single Family Residential,23503 26th Ave SE,Bothell,WA,98021,950000,5,3.25,Bothell,3600,6720,2017,63,264,60,Sold,,,http://www.redfin.com/WA/Bothell/23503-26th-Ave-SE-98021/home/143161983,NWMLS,1175318,N,Y,47.7789517,-122.1975563
PAST SALE,November-22-2017,Single Family Residential,3307 200th Place SE,Bothell,WA,98012,525000,3,2.5,Thrashers Corner,1698,5227,1996,63,309,45,Sold,,,http://www.redfin.com/WA/Bothell/3307-200th-Pl-SE-98012/home/2851317,NWMLS,1205828,N,Y,47.8162191,-122.1884677
PAST SALE,November-8-2017,Single Family Residential,2641 242nd Place SE,Bothell,WA,98021,960000,7,2.5,Maywood Hills,4233,9583,1988,77,227,,Sold,,,http://www.redfin.com/WA/Bothell/2641-242nd-Pl-SE-98021/home/2806373,NWMLS,1199966,N,Y,47.7767718,-122.196511
PAST SALE,January-3-2018,Single Family Residential,19628 1st Ave SE,Bothell,WA,98012,517501,3,2.5,Bothell,1719,3009,2011,21,301,60,Sold,,,http://www.redfin.com/WA/Bothell/19628-1st-Ave-SE-98012/home/2883300,NWMLS,1221292,N,Y,47.81954926,-122.2312746
PAST SALE,December-4-2017,Single Family Residential,18324 43rd. Dr SE,Bothell,WA,98012,651358,4,3.5,North Creek,2335,3867,2016,51,279,85,Sold,,,http://www.redfin.com/WA/Bothell/18324-43rd-Dr-SE-98012/home/109171163,NWMLS,1036562,N,Y,47.8310387,-122.1744226
PAST SALE,January-15-2018,Single Family Residential,18730 43rd. Park SE,Bothell,WA,98012,609218,4,2.25,North Creek,1838,2811,2017,9,331,85,Sold,,,http://www.redfin.com/WA/Bothell/18730-43rd-Park-SE-98012/home/113439513,NWMLS,1092121,N,Y,47.829285,-122.1745393
PAST SALE,January-18-2018,Single Family Residential,4206 223rd Place SE #22,Bothell,WA,98021,805030,5,3.25,Bothell,3126,3800,2017,6,258,55,Sold,,,http://www.redfin.com/WA/Bothell/4206-223rd-Pl-SE-98021/unit-22/home/142817549,NWMLS,1162228,N,Y,47.7949881,-122.1837904
PAST SALE,January-19-2018,Single Family Residential,23115 19th Dr SE,Bothell,WA,98021,512000,3,1.75,Canyon Park,1744,9582,1984,5,294,,Sold,,,http://www.redfin.com/WA/Bothell/23115-19th-Dr-SE-98021/home/2803759,NWMLS,1211488,N,Y,47.7885496,-122.2068367
PAST SALE,December-22-2017,Single Family Residential,22326 Lot 6 43RD DR SE,Bothell,WA,98021,753847,3,2.5,Canyon Park,2518,3600,2017,33,299,102,Sold,,,http://www.redfin.com/WA/Bothell/22326-43rd-Dr-SE-98021/home/113895854,NWMLS,1121251,N,Y,47.7949019,-122.1752504
PAST SALE,December-31-2017,Single Family Residential,1430 242nd Place SE,Bothell,WA,98021,1116000,5,3.5,Bothell,3559,8414,2017,24,314,,Sold,,,http://www.redfin.com/WA/Bothell/1430-242nd-Pl-SE-98021/home/144584280,NWMLS,1228909,N,Y,47.7775292,-122.2133759
PAST SALE,November-22-2017,Condo/Co-op,17426 Bothell Wy NE Unit A101,Bothell,WA,98011,370000,2,1.75,Bothell,1464,39788,1999,63,253,545,Sold,,,http://www.redfin.com/WA/Bothell/17426-Bothell-Way-NE-98011/unit-A101/home/33759,NWMLS,1214369,N,Y,47.754585,-122.211544
PAST SALE,January-4-2018,Single Family Residential,2305 211th St SE,Bothell,WA,98021,628000,4,2.5,Thrashers Corner,1742,4792,1993,20,361,21,Sold,,,http://www.redfin.com/WA/Bothell/2305-211th-St-SE-98021/home/2832356,NWMLS,1222608,N,Y,47.8066206,-122.2009126
PAST SALE,October-31-2017,Single Family Residential,19419 Grannis Rd,Bothell,WA,98012,625000,0,,North Creek,3500,134000,1964,85,179,,Sold,,,http://www.redfin.com/WA/Bothell/19419-Grannis-Rd-98012/home/2539505,NWMLS,1181067,N,Y,47.8209259,-122.1911478
PAST SALE,November-22-2017,Single Family Residential,20530 Greening Rd,Bothell,WA,98012,420000,3,2,Thrashers Corner,1108,28314,1982,63,379,,Sold,,,http://www.redfin.com/WA/Bothell/20530-Greening-Rd-98012/home/2793830,NWMLS,1206065,N,Y,47.8123669,-122.2219396
PAST SALE,January-5-2018,Townhouse,2126 185th Place SE,Bothell,WA,98012,391000,2,2.5,Bothell,1306,3049,1984,19,299,,Sold,,,http://www.redfin.com/WA/Bothell/2126-185th-Pl-SE-98012/home/2800787,NWMLS,1224754,N,Y,47.82937,-122.204149
PAST SALE,December-4-2017,Single Family Residential,12 175th Place SE,Bothell,WA,98012,669950,4,2.5,Bothell,2422,4548,2017,51,277,81,Sold,,,http://www.redfin.com/WA/Bothell/12-175th-Pl-SE-98012/home/143814759,NWMLS,1189182,N,Y,47.8385821,-122.2320209
PAST SALE,December-21-2017,Single Family Residential,12977 NE 201st Wy,Woodinville,WA,98072,700000,3,2.5,Woodinville,2360,4367,2003,34,297,25,Sold,,,http://www.redfin.com/WA/Woodinville/12977-NE-201st-Way-98072/home/287843,NWMLS,1217473,N,Y,47.7730617,-122.1669132
PAST SALE,October-27-2017,Single Family Residential,5633 196th St SE #31,Bothell,WA,98012,1402502,5,4.5,North Creek,4601,20116,2017,89,305,146,Sold,,,http://www.redfin.com/WA/Bothell/5633-196th-Pl-SE-98012/unit-31/home/109497613,NWMLS,1049339,N,Y,47.8187389,-122.1815126
PAST SALE,December-14-2017,Single Family Residential,19929 100th Ave NE,Bothell,WA,98011,1004999,5,2.75,Bothell,3290,9646,2017,41,305,,Sold,,,http://www.redfin.com/WA/Bothell/19929-100th-Ave-NE-98011/home/144287559,NWMLS,1216849,N,Y,47.7725304,-122.2073936
PAST SALE,December-8-2017,Single Family Residential,18305 43rd. Dr SE,Bothell,WA,98012,589583,4,3.25,North Creek,1939,3175,2017,47,304,85,Sold,,,http://www.redfin.com/WA/Bothell/18305-43rd-Dr-SE-98012/home/113036313,NWMLS,1080139,N,Y,47.8289,-122.1723
PAST SALE,December-14-2017,Mobile/Manufactured Home,20525 31st Dr SE,Bothell,WA,98012,321000,3,2,Thrashers Corner,1512,6098,2005,41,212,150,Sold,,,http://www.redfin.com/WA/Bothell/20525-31st-Dr-SE-98012/home/28446785,NWMLS,1217491,N,Y,47.811234,-122.1906986
PAST SALE,January-19-2018,Townhouse,17706 33rd Dr SE,Bothell,WA,98012,540000,3,2.25,Bothell,1493,3056,2012,5,362,35,Sold,,,http://www.redfin.com/WA/Bothell/17706-33rd-Dr-SE-98012/home/50663234,NWMLS,1224836,N,Y,47.8369163,-122.1882229
PAST SALE,December-4-2017,Single Family Residential,20120 Hollyhills Dr NE,Bothell,WA,98011,575000,3,2.5,Morningside,1910,4028,1987,51,301,63,Sold,,,http://www.redfin.com/WA/Bothell/20120-Hollyhills-Dr-NE-98011/home/288011,NWMLS,1210741,N,Y,47.7740584,-122.1709769
PAST SALE,November-16-2017,Single Family Residential,10821 NE 190th Place,Bothell,WA,98011,924990,4,3.5,Bothell,3307,9942,1895,69,280,85,Sold,,,http://www.redfin.com/WA/Bothell/10821-NE-190th-Pl-98011/home/109972175,NWMLS,1194817,N,Y,47.7657921,-122.1954729
PAST SALE,December-5-2017,Single Family Residential,19116 103rd Ave NE,Bothell,WA,98011,450000,4,1.5,Downtown Bothell,1753,11021,1948,50,257,,Sold,,,http://www.redfin.com/WA/Bothell/19116-103rd-Ave-NE-98011/home/285634,NWMLS,1220532,N,Y,47.7670033,-122.2030858
PAST SALE,,Condo/Co-op,12113 NE 172nd Pl #301,Bothell,WA,98011,335000,2,2,,975,,1995,,344,,,,,http://www.redfin.com/WA/Bothell/12113-NE-172nd-Pl-98011/unit-301/home/29482,,,N,Y,47.7534774,-122.178153
PAST SALE,December-4-2017,Single Family Residential,20306 129th Place NE,Woodinville,WA,98072,680000,4,2.5,Woodinville,2334,3934,2004,51,291,29,Sold,,,http://www.redfin.com/WA/Woodinville/20306-129th-Pl-NE-98072/home/287352,NWMLS,1206690,N,Y,47.7748179,-122.1674541
PAST SALE,,Single Family Residential,19042 84th Pl NE,Bothell,WA,98011,949698,4,2.5,,3370,6223,2017,,282,,,,,http://www.redfin.com/WA/Bothell/19042-84th-Pl-NE-98011/home/113178657,,,N,Y,47.766797,-122.227055
PAST SALE,December-1-2017,Single Family Residential,24026 Meridian Ave SE,Bothell,WA,98021,794950,3,2.5,Bothell,2572,10680,2017,54,309,,Sold,,,http://www.redfin.com/WA/Bothell/24026-Meridian-Ave-S-98021/home/2639320,NWMLS,1207068,N,Y,47.7797587,-122.2334902
PAST SALE,December-1-2017,Single Family Residential,19012 35th Ave SE,Bothell,WA,98012,383000,3,1,Bothell,960,10890,1968,54,399,,Sold,,,http://www.redfin.com/WA/Bothell/19012-35th-Ave-SE-98012/home/2539573,NWMLS,1207500,N,Y,47.8248509,-122.1862261
PAST SALE,December-4-2017,Single Family Residential,17927 35th Ave SE,Bothell,WA,98012,500000,4,2.25,North Creek,2016,84283,1935,51,248,,Sold,,,http://www.redfin.com/WA/Bothell/17927-35th-Ave-SE-98012/home/2495281,NWMLS,779019,N,Y,47.835079,-122.185014
PAST SALE,November-30-2017,Single Family Residential,23017 2nd Ave SE,Bothell,WA,98021,633000,3,2.75,Kenmore,2776,21780,1977,55,228,,Sold,,,http://www.redfin.com/WA/Bothell/23017-2nd-Ave-SE-98021/home/2706315,NWMLS,1208676,N,Y,47.7889553,-122.2283236
PAST SALE,November-30-2017,Single Family Residential,3010 215th St SE,Bothell,WA,98021,793000,5,2.5,Thrashers Corner,2911,7841,1997,55,272,25,Sold,,,http://www.redfin.com/WA/Bothell/3010-215th-St-SE-98021/home/2847648,NWMLS,1199491,N,Y,47.8034802,-122.1925385
PAST SALE,November-30-2017,Single Family Residential,19105 Waxen Rd,Bothell,WA,98012,629000,4,2.5,North Creek,2733,6259,2007,55,230,,Sold,,,http://www.redfin.com/WA/Bothell/19105-Waxen-Rd-98012/home/12489853,NWMLS,1204567,N,Y,47.8248437,-122.217416
PAST SALE,,Condo/Co-op,19312 1st Ave W #4,Bothell,WA,98012,499000,3,2.5,,1696,,2010,,294,,,,,http://www.redfin.com/WA/Bothell/19312-1st-Ave-W-98012/unit-4/home/39593607,,,N,Y,47.8230243,-122.2346634
PAST SALE,December-6-2017,Single Family Residential,21926 3rd Dr SE,Bothell,WA,98021,599000,3,2.5,Bothell,2078,13068,1979,49,288,,Sold,,,http://www.redfin.com/WA/Bothell/21926-3rd-Dr-SE-98021/home/2784324,NWMLS,1213958,N,Y,47.7986861,-122.226823
PAST SALE,December-1-2017,Single Family Residential,20715 38th Dr SE,Bothell,WA,98021,830000,4,2.5,Bothell,3184,7410,2005,54,261,40,Sold,,,http://www.redfin.com/WA/Bothell/20715-38th-Dr-SE-98021/home/2907135,NWMLS,1205337,N,Y,47.8098028,-122.1813896
PAST SALE,November-30-2017,Condo/Co-op,18930 Bothell Everett Hwy Unit G301,Bothell,WA,98012,235000,2,1,Bothell,964,552636,1998,55,244,360,Sold,,,http://www.redfin.com/WA/Bothell/18930-Bothell-Everett-Hwy-98012/unit-G301/home/12105019,NWMLS,1209470,N,Y,47.8248136,-122.2090604
PAST SALE,November-22-2017,Single Family Residential,22716 41st Dr SE #41,Bothell,WA,98021,775465,5,3.25,Bothell,2850,4315,2017,63,272,56,Sold,,,http://www.redfin.com/WA/Bothell/22716-41st-Dr-SE-98021/home/143805360,NWMLS,1192874,N,Y,47.7903175,-122.1775433
PAST SALE,December-29-2017,Single Family Residential,315 221st Place SW Unit L1002,Bothell,WA,98021,725000,5,2.75,Queensborough,2279,7217,2017,26,318,53,Sold,,,http://www.redfin.com/WA/Bothell/315-221st-St-SW-98021/unit-L1002/home/143718210,NWMLS,1190686,N,Y,47.7975443,-122.2376402
PAST SALE,December-26-2017,Single Family Residential,19730 100th Ave NE,Bothell,WA,98011,640000,3,2.5,Bothell,1710,8403,1994,29,374,,Sold,,,http://www.redfin.com/WA/Bothell/19730-100th-Ave-NE-98011/home/285334,NWMLS,1221589,N,Y,47.7719139,-122.206058
PAST SALE,December-27-2017,Single Family Residential,19045 84th  (Lot #9) Place NE,Bothell,WA,98011,959460,4,2.75,Bothell,3301,5758,2017,28,291,84,Sold,,,http://www.redfin.com/WA/Bothell/19045-84th-Pl-NE-98011/home/113178444,NWMLS,1222903,N,Y,47.766866,-122.227726
PAST SALE,December-28-2017,Single Family Residential,19027 84th  (Lot #12) Place NE,Bothell,WA,98011,949937,4,2.75,Bothell,3301,4765,2017,27,288,84,Sold,,,http://www.redfin.com/WA/Bothell/19027-84th-Pl-NE-98011/home/113178415,NWMLS,1215193,N,Y,47.766454,-122.22778
PAST SALE,,Vacant Land,,Bothell,WA,,200000,,,,,81892,,,,,,,,http://www.redfin.com/WA/Bothell/Unknown-Unknown/home/22428102,,,N,Y,47.755029,-122.180881
PAST SALE,November-30-2017,Mobile/Manufactured Home,19205 130th Ct NE,Bothell,WA,98011,190000,3,1.75,Holly Hills,1440,4331,1971,55,132,,Sold,,,http://www.redfin.com/WA/Bothell/19205-130th-Ct-NE-98011/home/59704891,NWMLS,1184792,N,Y,47.7666384,-122.1661006
PAST SALE,December-27-2017,Single Family Residential,17929 North Rd,Bothell,WA,98012,380000,3,1,North Creek,1488,12974,1963,28,255,,Sold,,,http://www.redfin.com/WA/Bothell/17929-North-Rd-98012/home/2647546,NWMLS,1216983,N,Y,47.8351817,-122.2360222
PAST SALE,December-22-2017,Single Family Residential,3213 240th St SE,Bothell,WA,98021,405000,3,2,Canyon Park,1410,21780,1976,33,287,,Sold,,,http://www.redfin.com/WA/Bothell/3213-240th-St-SE-98021/home/2623176,NWMLS,1216470,N,Y,47.7803809,-122.1896178
PAST SALE,December-22-2017,Condo/Co-op,1522 196th St SE Unit B106,Bothell,WA,98012,310000,2,1.75,Bothell,965,,2000,33,321,344,Sold,,,http://www.redfin.com/WA/Bothell/1522-196th-St-SE-98012/unit-B106/home/2885456,NWMLS,1218442,N,Y,47.8176785,-122.2102221
PAST SALE,December-22-2017,Single Family Residential,312 210th St SE,Bothell,WA,98021,630000,4,2.5,Bothell,2574,10019,2004,33,245,,Sold,,,http://www.redfin.com/WA/Bothell/312-210-St-SE-98021/home/2899375,NWMLS,1213499,N,Y,47.8071458,-122.226839
PAST SALE,December-22-2017,Condo/Co-op,129 194th Place SW #18,Bothell,WA,98012,728495,5,3.25,Bothell,2682,4272,2017,33,272,68,Sold,,,http://www.redfin.com/WA/Bothell/129-194th-St-SW-98012/home/144287287,NWMLS,1217596,N,Y,47.8222506,-122.2355353
PAST SALE,,Mobile/Manufactured Home,4429 244TH ST SE,BOTHELL,WA,98021,500000,3,2.5,,2496,116305,1995,,200,,,,,http://www.redfin.com/WA/BOTHELL/4429-244TH-ST-SE-98021/home/2630042,,,N,Y,47.777898,-122.173534
PAST SALE,,Mobile/Manufactured Home,20613 34th Dr SE,Bothell,WA,98012,134000,2,2,,1344,7841,1970,,100,,,,,http://www.redfin.com/WA/Bothell/20613-34th-Dr-SE-98012/home/2660796,,,N,Y,47.8105744,-122.1864539
PAST SALE,,Condo/Co-op,17712 35th Dr SE #2025,Bothell,WA,98012,640000,3,2.5,,2019,,2015,,317,,,,,http://www.redfin.com/WA/Bothell/17712-35th-Dr-SE-98012/unit-2025/home/59706595,,,N,Y,47.8368541,-122.1849849
PAST SALE,,Unknown,4312 224th St SE,Bothell,WA,98021,670000,,,,,,,,,,,,,http://www.redfin.com/WA/Bothell/4312-224th-St-SE-98021/home/144654487,,,N,Y,47.7944929,-122.1742851
PAST SALE,,Unknown,19412 2nd Ave SE,Bothell,WA,98012,681000,,,,,,,,,,,,,http://www.redfin.com/WA/Bothell/19412-2nd-Ave-SE-98012/home/144654488,,,N,Y,47.8216337,-122.2297285
PAST SALE,December-19-2017,Single Family Residential,22330 lot 5 43rd DR SE,Bothell,WA,98021,740935,3,2.5,Canyon Park,2518,3600,2017,36,294,102,Sold,,,http://www.redfin.com/WA/Bothell/22330-43rd-Dr-SE-98021/home/113983104,NWMLS,1129125,N,Y,47.7949019,-122.1752504
PAST SALE,October-27-2017,Mobile/Manufactured Home,2200 196th St SE #7,Bothell,WA,98012,75400,3,2,Kennard Corner,1440,,1976,89,52,,Sold,,,http://www.redfin.com/WA/Bothell/2200-196th-St-SE-98012/unit-7/home/143943050,NWMLS,1199602,N,Y,47.8186196,-122.2033852
PAST SALE,October-31-2017,Single Family Residential,23230 20th Ave SE,Bothell,WA,98021,525000,3,2,Canyon Park,1656,7841,1987,85,317,,Sold,,,http://www.redfin.com/WA/Bothell/23230-20th-Ave-SE-98021/home/143075387,NWMLS,1169073,N,Y,47.7868279,-122.2064251
PAST SALE,October-30-2017,Single Family Residential,23511 26th Ave SE,Bothell,WA,98021,899950,5,2.75,Bothell,3146,6971,2017,86,286,60,Sold,,,http://www.redfin.com/WA/Bothell/23511-26th-Ave-SE-98021/home/116744285,NWMLS,1140701,N,Y,47.7789517,-122.1975563
PAST SALE,October-30-2017,Single Family Residential,23528 26th Ave SE,Bothell,WA,98021,970000,5,4.25,Bothell,3600,11879,2017,86,269,60,Sold,,,http://www.redfin.com/WA/Bothell/23528-26th-Ave-SE-98021/home/113972498,NWMLS,1126614,N,Y,47.7789517,-122.1975563
PAST SALE,November-30-2017,Single Family Residential,29 175th Place SE,Bothell,WA,98012,675950,5,2.75,Bothell,2587,4438,2017,55,261,81,Sold,,,http://www.redfin.com/WA/Bothell/29-175th-Pl-SE-98012/home/143193607,NWMLS,1157176,N,Y,47.839518,-122.234141
PAST SALE,October-26-2017,Single Family Residential,19218 91st Ave NE,Bothell,WA,98011,833000,6,3.25,West Hill,3840,8253,1973,90,217,,Sold,,,http://www.redfin.com/WA/Bothell/19218-91st-Ave-NE-98011/home/285636,NWMLS,1176078,N,Y,47.7686164,-122.218515
PAST SALE,November-15-2017,Single Family Residential,18326 3rd Dr SE Unit NC 18,Bothell,WA,98012,605794,3,2.5,North Creek,2632,5771,2017,70,230,20,Sold,,,http://www.redfin.com/WA/Bothell/18326-3rd-Dr-SE-98012/unit-NC-18/home/144227691,NWMLS,1213630,N,Y,47.8332416,-122.2270735
PAST SALE,November-13-2017,Townhouse,24037 40th Lane SE,Bothell,WA,98021,437000,3,2.25,Bothell,1449,1346,2006,72,302,50,Sold,,,http://www.redfin.com/WA/Bothell/24037-40th-Ln-SE-98021/home/28642027,NWMLS,1188672,N,Y,47.779656,-122.178339
PAST SALE,October-27-2017,Condo/Co-op,20320 Bothell Everett Hwy Unit D202,Bothell,WA,98012,236200,2,1,Bothell,860,301186,1986,89,275,347,Sold,,,http://www.redfin.com/WA/Bothell/20320-Bothell-Everett-Hwy-98012/unit-D202/home/144390902,NWMLS,1194811,N,Y,47.813465,-122.210683
PAST SALE,January-16-2018,Single Family Residential,24019 22nd Ave W,Bothell,WA,98021,683000,4,2.5,Bothell,2355,5227,2006,8,290,41,Sold,,,http://www.redfin.com/WA/Bothell/24019-22nd-Ave-W-98021/home/11880419,NWMLS,1222729,N,Y,47.7802301,-122.2624648
PAST SALE,,Multi-Family (2-4 Unit),18115 97th Ave NE,Bothell,WA,98011,825000,,,,2970,9470,1963,,278,,,,,http://www.redfin.com/WA/Bothell/18115-97th-Ave-NE-98011/home/2060621,,,N,Y,47.7596415,-122.2117153
PAST SALE,,Mobile/Manufactured Home,17037 Woodcrest Dr NE,Bothell,WA,98011,250000,,,,,5024,,,,,,,,http://www.redfin.com/WA/Bothell/17037-Woodcrest-Dr-NE-98011/home/40324906,,,N,Y,47.7514573,-122.1815623
PAST SALE,December-19-2017,Single Family Residential,19051 84th (Lot #8) Place NE,Bothell,WA,98011,999405,6,3.25,Bothell,3436,5537,2017,36,291,84,Sold,,,http://www.redfin.com/WA/Bothell/19051-84th-Pl-NE-98011/home/113178465,NWMLS,1215938,N,Y,47.766752,-122.227402
PAST SALE,,Single Family Residential,19039 84th Pl NE,Bothell,WA,98011,954076,4,2.5,,3370,4730,2017,,283,,,,,http://www.redfin.com/WA/Bothell/19039-84th-Pl-NE-98011/home/113178420,,,N,Y,47.76673,-122.227772
PAST SALE,January-5-2018,Townhouse,22715 4th Ave W,Bothell,WA,98021,324950,2,1.75,Canyon Park,906,,1993,19,359,327,Sold,,,http://www.redfin.com/WA/Bothell/22715-4th-Ave-W-98021/unit-106/home/2838794,NWMLS,1222680,N,Y,47.7923219,-122.2372629
PAST SALE,January-3-2018,Single Family Residential,2606 186th Place SE,Bothell,WA,98012,650000,4,2.75,Bothell,2624,16553,1980,21,248,,Sold,,,http://www.redfin.com/WA/Bothell/2606-186th-Pl-SE-98012/home/2780743,NWMLS,1216852,N,Y,47.8289763,-122.1974747
PAST SALE,January-5-2018,Condo/Co-op,2201 192nd St SE Unit R-201,Bothell,WA,98012,315000,3,2,North Bothell,1300,,2000,19,242,367,Sold,,,http://www.redfin.com/WA/Bothell/2201-192nd-St-SE-98012/unit-R201/home/2884037,NWMLS,1200971,N,Y,47.8263546,-122.2034132
PAST SALE,December-28-2017,Single Family Residential,21304 37th Ave SE,Bothell,WA,98021,829000,5,2.75,Canyon Park,3099,4356,2006,27,268,21,Sold,,,http://www.redfin.com/WA/Bothell/21304-37th-Ave-SE-98021/home/11881496,NWMLS,1219213,N,Y,47.8044483,-122.1836048
PAST SALE,December-29-2017,Single Family Residential,4207 223rd Place SE,Bothell,WA,98021,749000,5,2.75,Canyon Park,3150,4792,2008,26,238,25,Sold,,,http://www.redfin.com/WA/Bothell/4207-223rd-Pl-SE-98021/home/21500809,NWMLS,1212633,N,Y,47.7951986,-122.1766194
PAST SALE,January-5-2018,Single Family Residential,3610 223rd Place SE,Bothell,WA,98021,713000,4,3,Canyon Park,2046,4050,2010,19,348,45,Sold,,,http://www.redfin.com/WA/Bothell/3610-223rd-Pl-SE-98021/home/39914360,NWMLS,1219890,N,Y,47.7949996,-122.1845923
PAST SALE,December-29-2017,Single Family Residential,18507 26th Ave SE,Bothell,WA,98012,677000,4,2.5,Bothell,2172,6970,2012,26,312,,Sold,,,http://www.redfin.com/WA/Bothell/18507-26th-Ave-SE-98012/home/40042393,NWMLS,1220934,N,Y,47.8298641,-122.1988009
PAST SALE,December-28-2017,Single Family Residential,21 242nd (#17) St SE,Bothell,WA,98021,1389001,5,4,Canyon Park,4358,9600,2017,27,319,92,Sold,,,http://www.redfin.com/WA/Bothell/21-242nd-St-SE-98021/home/144350284,NWMLS,1220515,N,Y,47.77908,-122.231644
PAST SALE,December-28-2017,Single Family Residential,4018 223rd (CP Lot 14) Place SE,Bothell,WA,98021,763970,4,2.5,Bothell,2632,3574,2017,27,290,55,Sold,,,http://www.redfin.com/WA/Bothell/4018-223rd-Pl-SE-98021/home/143219030,NWMLS,1177368,N,Y,47.7950392,-122.1792767
PAST SALE,December-28-2017,Single Family Residential,22421 lot 51 43rd DR SE,Bothell,WA,98021,802390,4,3.5,Canyon Park,2819,4417,2017,27,285,102,Sold,,,http://www.redfin.com/WA/Bothell/22421-43rd-Dr-SE-98021/home/113983429,NWMLS,1129216,N,Y,47.793481,-122.1751093
PAST SALE,December-26-2017,Single Family Residential,13 174th Place SW,Bothell,WA,98012,759990,5,3,Bothell,3167,5390,2017,29,240,,Sold,,,http://www.redfin.com/WA/Bothell/13-174th-St-SW-98012/home/113977499,NWMLS,1126696,N,Y,47.8405128,-122.2337058
PAST SALE,December-28-2017,Single Family Residential,22215 lot#34 44TH DR SE,Bothell,WA,98021,695250,3,2.5,Canyon Park,2256,5135,2017,27,308,102,Sold,,,http://www.redfin.com/WA/Bothell/22215-44th-Dr-SE-98021/home/113386056,NWMLS,1088479,N,Y,47.7993044,-122.1737227
PAST SALE,,Single Family Residential,4121 228th St SE,Bothell,WA,98021,853996,4,2,,1465,46609,1966,,583,,,,,http://www.redfin.com/WA/Bothell/4121-228th-St-SE-98021/home/2600708,,,N,Y,47.7923063,-122.1774516
PAST SALE,January-4-2018,Single Family Residential,23122 20th Ave SE,Bothell,WA,98021,585000,3,2.5,Canyon Park,2018,9148,1986,20,290,,Sold,,,http://www.redfin.com/WA/Bothell/23122-20th-Ave-SE-98021/home/2809310,NWMLS,1206153,N,Y,47.7883021,-122.2063031
PAST SALE,January-4-2018,Single Family Residential,3921 208th Place SE,Bothell,WA,98021,840000,4,2.5,Bothell,3439,7405,1999,20,244,29,Sold,,,http://www.redfin.com/WA/Bothell/3921-208th-Pl-SE-98021/home/2885594,NWMLS,1222364,N,Y,47.8090686,-122.1798041
PAST SALE,January-5-2018,Single Family Residential,2204 242nd St SE,Bothell,WA,98021,1075000,4,3.5,Bothell,3772,11326,2003,19,285,50,Sold,,,http://www.redfin.com/WA/Bothell/2204-242nd-St-SE-98021/home/2890884,NWMLS,1218572,N,Y,47.7774617,-122.2033807
PAST SALE,,Condo/Co-op,18930 Bothell Everett Hwy Unit H30,Bothell,WA,98012,175000,1,1,,488,,1998,,359,,,,,http://www.redfin.com/WA/Bothell/18930-Bothell-Everett-Hwy-98012/unit-H30/home/12176182,,,N,Y,47.8248136,-122.2090604
PAST SALE,December-28-2017,Single Family Residential,202 196th Place SW,Bothell,WA,98012,530000,4,2.5,Bothell,1726,3674,2008,27,307,30,Sold,,,http://www.redfin.com/WA/Bothell/202-196th-Pl-SW-98012/unit-24/home/12334418,NWMLS,1219417,N,Y,47.8203279,-122.2359964
PAST SALE,January-5-2018,Single Family Residential,24208 Meridian Ave S,Bothell,WA,98021,539000,3,1.75,Bothell,1743,14375,1997,19,309,,Sold,,,http://www.redfin.com/WA/Bothell/24208-Meridian-Ave-S-98021/home/12333842,NWMLS,1218969,N,Y,47.778528,-122.2333568
PAST SALE,January-3-2018,Single Family Residential,21719 8th Ave SE,Bothell,WA,98021,690000,5,2.75,Canyon Park,2660,10454,2012,21,259,21,Sold,,,http://www.redfin.com/WA/Bothell/21719-8th-Ave-SE-98021/home/45390731,NWMLS,1222478,N,Y,47.8005574,-122.2230238
PAST SALE,,Condo/Co-op,19628 1st Ave SE #13,Bothell,WA,98012,517501,3,2.5,,1750,,2012,,296,,,,,http://www.redfin.com/WA/Bothell/19628-1st-Ave-SE-98012/unit-13/home/45390976,,,N,Y,47.8194986,-122.231468
PAST SALE,December-29-2017,Single Family Residential,4101 223rd Place SE #13,Bothell,WA,98021,753365,5,2.75,Bothell,2474,3573,2017,26,305,55,Sold,,,http://www.redfin.com/WA/Bothell/4014-223rd-Pl-SE-98021/home/143119827,NWMLS,1174058,N,Y,47.7950392,-122.1792767
PAST SALE,December-27-2017,Single Family Residential,35 242nd ( #20) St SE,Bothell,WA,98021,1209681,5,3.25,Canyon Park,4110,9600,2017,28,294,92,Sold,,,http://www.redfin.com/WA/Bothell/35-242nd-St-SE-98021/home/144118208,NWMLS,1210001,N,Y,47.77908,-122.231644
PAST SALE,December-29-2017,Single Family Residential,21800 33rd Dr SE #1,Bothell,WA,98021,1129900,4,3.25,Canyon Park,3777,10160,2017,26,299,80,Sold,,,http://www.redfin.com/WA/Bothell/21800-33rd-Dr-SE-98021/home/139723421,NWMLS,1155899,N,Y,47.7999087,-122.1887482
PAST SALE,,Single Family Residential,4133 228th St SE,Bothell,WA,98021,767575,3,3,,1688,57064,1994,,455,,,,,http://www.redfin.com/WA/Bothell/4133-228th-St-SE-98021/home/2600694,,,N,Y,47.7913531,-122.1773448
PAST SALE,December-28-2017,Single Family Residential,22421 53rd Ave,Bothell,WA,98021,760000,3,2.5,Canyon Park,1800,33977,1978,27,422,,Sold,,,http://www.redfin.com/WA/Bothell/22421-53rd-Ave-SE-98021/home/2595365,NWMLS,1226770,N,Y,47.7935696,-122.1605665
PAST SALE,,Single Family Residential,21017 9th Ave SE,Bothell,WA,98021,490000,3,2,,1631,22216,1985,,300,,,,,http://www.redfin.com/WA/Bothell/21017-9th-Ave-SE-98021/home/2648416,,,N,Y,47.8071351,-122.2201107
PAST SALE,,Single Family Residential,23017 Locust Way,Bothell,WA,98021,450000,2,1,,1282,17860,1942,,351,,,,,http://www.redfin.com/WA/Bothell/23017-Locust-Way-98021/home/2654938,,,N,Y,47.7893113,-122.2557198
PAST SALE,November-30-2017,Single Family Residential,4221 180th Place SE,Bothell,WA,98012,731500,5,2.75,North Creek,2795,6892,2013,55,262,50,Sold,,,http://www.redfin.com/WA/Bothell/4221-180th-Pl-SE-98012/home/54808852,NWMLS,1213698,N,Y,47.8342224,-122.1756182
PAST SALE,November-15-2017,Condo/Co-op,18930 Bothell Everett Hwy Unit F205,Bothell,WA,98012,225000,2,1,Bothell,887,,1998,70,254,354,Sold,,,http://www.redfin.com/WA/Bothell/18930-Bothell-Everett-Hwy-98012/unit-F205/home/12176171,NWMLS,1199778,N,Y,47.8248136,-122.2090604
PAST SALE,October-26-2017,Single Family Residential,10017 NE 202nd St,Bothell,WA,98011,700000,4,2.25,Bothell,2230,9600,1978,90,314,,Sold,,,http://www.redfin.com/WA/Bothell/10017-NE-202nd-St-98011/home/286554,NWMLS,1192388,N,Y,47.7748588,-122.206327
PAST SALE,,Condo/Co-op,10822 E Riverside Dr #101,Bothell,WA,98011,158500,1,1,,573,,1985,,277,,,,,http://www.redfin.com/WA/Bothell/10822-E-Riverside-Dr-98011/unit-101/home/2660,,,N,Y,47.754325,-122.195317
PAST SALE,October-31-2017,Mobile/Manufactured Home,18812 127th Place NE,Bothell,WA,98011,355000,3,2,Holly Hills,1650,5319,2006,85,215,30,Sold,,,http://www.redfin.com/WA/Bothell/18812-127th-Pl-NE-98011/home/54474042,NWMLS,1201886,N,Y,47.7640118,-122.1697398
PAST SALE,November-1-2017,Single Family Residential,19619 109th PLACE NE,Bothell,WA,98011,895000,3,2.5,Maywood Hills,2730,7521,1992,84,328,34,Sold,,,http://www.redfin.com/WA/Bothell/19619-109th-Pl-NE-98011/home/285952,NWMLS,1195672,N,Y,47.7703755,-122.1955645
PAST SALE,October-31-2017,Single Family Residential,19904 104th Ave NE,Bothell,WA,98011,620000,3,2.25,Maywood Hills,1912,8490,1982,85,324,,Sold,,,http://www.redfin.com/WA/Bothell/19904-104th-Ave-NE-98011/home/286684,NWMLS,1203061,N,Y,47.772891,-122.2007992
PAST SALE,November-3-2017,Mobile/Manufactured Home,19011 126th Ave NE,Bothell,WA,98011,165000,2,2,Holly Hills,1440,5102,1973,82,115,25,Sold,,,http://www.redfin.com/WA/Bothell/19011-126th-Ave-NE-98011/home/59704930,NWMLS,1193713,N,Y,47.7648957,-122.1733545
PAST SALE,November-3-2017,Single Family Residential,10316 NE 202nd St,Bothell,WA,98011,519000,3,2.5,Bothell,1750,8400,1975,82,297,,Sold,,,http://www.redfin.com/WA/Bothell/10316-NE-202nd-St-98011/home/286080,NWMLS,1188715,N,Y,47.7749637,-122.202584
PAST SALE,October-31-2017,Single Family Residential,1210 204th Place SE,Bothell,WA,98012,430000,3,2.25,Thrashers Corner,1776,7405,1977,85,242,,Sold,,,http://www.redfin.com/WA/Bothell/1210-204th-Pl-SE-98012/home/2776474,NWMLS,1192845,N,Y,47.8124776,-122.2160011
PAST SALE,,Single Family Residential,21308 2nd Ave SE,Bothell,WA,98021,322000,3,3,,2110,7405,1977,,153,,,,,http://www.redfin.com/WA/Bothell/21308-2nd-Ave-SE-98021/home/2773653,,,N,Y,47.8047629,-122.2293623
PAST SALE,October-27-2017,Single Family Residential,6 199th Place SE,Bothell,WA,98012,422000,3,2,Bothell,1330,9583,1987,89,317,,Sold,,,http://www.redfin.com/WA/Bothell/6-199th-Pl-SE-98012/home/2813416,NWMLS,1192947,N,Y,47.8160022,-122.2317241
PAST SALE,October-30-2017,Single Family Residential,19514 Winesap Lane,Bothell,WA,98012,387410,3,1,Mill Creek,1524,13504,1961,86,254,,Sold,,,http://www.redfin.com/WA/Bothell/19514-Winesap-Ln-98012/home/2656876,NWMLS,1184369,N,Y,47.820504,-122.2246493
PAST SALE,October-27-2017,Single Family Residential,22606 13th Place W,Bothell,WA,98021,500000,3,2,Bothell,1282,6970,1983,89,390,,Sold,,,http://www.redfin.com/WA/Bothell/22606-13th-Pl-W-98021/home/2802850,NWMLS,1202028,N,Y,47.7932346,-122.2512877
PAST SALE,October-31-2017,Townhouse,18722 20th Dr SE,Bothell,WA,98012,425000,3,2.25,Bothell,1638,3485,1996,85,259,76,Sold,,,http://www.redfin.com/WA/Bothell/18722-20th-Dr-SE-98012/home/2854002,NWMLS,1203458,N,Y,47.827115,-122.204819
PAST SALE,October-31-2017,Single Family Residential,4002 217th St SE,Bothell,WA,98021,800000,4,2.5,Canyon Park,2984,6970,2006,85,268,45,Sold,,,http://www.redfin.com/WA/Bothell/4002-217th-St-SE-98021/home/11881323,NWMLS,1200719,N,Y,47.8006155,-122.1793397
PAST SALE,,Condo/Co-op,19305 25th Dr SE #109,Bothell,WA,98012,560000,4,2.5,,1947,,2004,,288,,,,,http://www.redfin.com/WA/Bothell/19305-25th-Dr-SE-98012/unit-109/home/2909222,,,N,Y,47.822672,-122.1981368
PAST SALE,October-27-2017,Single Family Residential,20024 York Rd,Bothell,WA,98012,575000,4,1.75,North Creek,1640,43560,1987,89,351,,Sold,,,http://www.redfin.com/WA/Bothell/20024-York-Rd-98012/home/2565760,NWMLS,1184309,N,Y,47.8154556,-122.1842313
PAST SALE,October-27-2017,Townhouse,416 228th St SW Unit G-202,Bothell,WA,98021,345000,2,1.75,Canyon Park,1134,,1997,89,304,374,Sold,,,http://www.redfin.com/WA/Bothell/416-228th-St-SW-98021/unit-G202/home/2854563,NWMLS,1199848,N,Y,47.7908515,-122.2397598
PAST SALE,,Single Family Residential,23220 20th Ave SE,Bothell,WA,98021,525000,3,2,,1547,7841,1987,,339,,,,,http://www.redfin.com/WA/Bothell/23220-20th-Ave-SE-98021/home/2803622,,,N,Y,47.786858,-122.206418
PAST SALE,,Single Family Residential,22122 45th Ave SE,Bothell,WA,98021,620000,3,1.5,,1632,19166,1972,,380,,,,,http://www.redfin.com/WA/Bothell/22122-45th-Ave-SE-98021/home/2600897,,,N,Y,47.796447,-122.173381
PAST SALE,,Single Family Residential,22118 45th Ave SE,Bothell,WA,98021,760000,3,2.5,,2051,24394,1977,,371,,,,,http://www.redfin.com/WA/Bothell/22118-45th-Ave-SE-98021/home/2600753,,,N,Y,47.7965361,-122.1734053
PAST SALE,,Single Family Residential,23208 45th Ave SE,Bothell,WA,98021,890889,3,2.5,,2173,44431,1984,,410,,,,,http://www.redfin.com/WA/Bothell/23208-45th-Ave-SE-98021/home/2629039,,,N,Y,47.787032,-122.173622
PAST SALE,October-31-2017,Single Family Residential,725 226th St SE,Bothell,WA,98021,765000,4,2.5,Canyon Park,2841,9583,1988,85,269,,Sold,,,http://www.redfin.com/WA/Bothell/725-226th-St-SE-98021/home/2813393,NWMLS,1193636,N,Y,47.7933098,-122.2224388
PAST SALE,,Single Family Residential,525 240th St SW,Bothell,WA,98021,500000,3,1.5,,1750,11761,1957,,286,,,,,http://www.redfin.com/WA/Bothell/525-240th-St-SW-98021/home/2745227,,,N,Y,47.7808016,-122.2404218
PAST SALE,October-31-2017,Condo/Co-op,2000 192nd St SE #105,Bothell,WA,98012,195000,2,1.75,North Bothell,1404,2178,1985,85,139,100,Sold,,,http://www.redfin.com/WA/Bothell/2000-192nd-St-SE-98012/unit-105/home/2794258,NWMLS,1193107,N,Y,47.823132,-122.204956
PAST SALE,,Single Family Residential,22120 45th Ave SE,Bothell,WA,98021,610000,2,1.5,,1178,22651,1972,,518,,,,,http://www.redfin.com/WA/Bothell/22120-45th-Ave-SE-98021/home/2600900,,,N,Y,47.7965056,-122.1739655
PAST SALE,October-30-2017,Single Family Residential,22814 Atlas Rd,Bothell,WA,98021,475000,4,2.75,Brier,2484,9148,1964,86,191,,Sold,,,http://www.redfin.com/WA/Bothell/22814-Atlas-Rd-98021/home/2658155,NWMLS,1192013,N,Y,47.7914402,-122.2640389
PAST SALE,October-26-2017,Single Family Residential,2720 232nd St SE,Bothell,WA,98021,622000,4,2.5,Canyon Park,2066,3868,2006,90,301,34,Sold,,,http://www.redfin.com/WA/Bothell/2720-232nd-St-SE-98021/unit-44/home/2916958,NWMLS,1190045,N,Y,47.7872386,-122.1954379
PAST SALE,January-19-2018,Single Family Residential,18319 3rd Dr SE Unit NC 24,Bothell,WA,98012,672634,4,3.25,North Creek,2734,4539,2016,5,246,20,Sold,,,http://www.redfin.com/WA/Bothell/18319-3rd-Dr-SE-98012/unit-NC-24/home/144623912,NWMLS,1229743,N,Y,47.8317066,-122.2270597
PAST SALE,January-12-2018,Single Family Residential,4129 Jewell Rd,Bothell,WA,98012,459450,3,2,North Creek,1355,8712,1977,12,339,,Sold,,,http://www.redfin.com/WA/Bothell/4129-Jewell-Rd-98012/home/2533770,NWMLS,1223010,N,Y,47.820447,-122.1765358
PAST SALE,November-9-2017,Condo/Co-op,17438 Bothell Wy NE Unit C-303,Bothell,WA,98011,395000,2,1.75,Bothell,1050,,2001,76,376,293,Sold,,,http://www.redfin.com/WA/Bothell/17438-Bothell-Way-NE-98011/unit-C303/home/51603,NWMLS,1204347,N,Y,47.7513761,-122.2117573
PAST SALE,October-27-2017,Single Family Residential,4318 lot 49 224TH ST SE,Bothell,WA,98021,706905,4,2.75,Canyon Park,2518,3580,2017,89,281,102,Sold,,,http://www.redfin.com/WA/Bothell/49-224th-St-SE-98021/home/111247967,NWMLS,1056272,N,Y,47.7949544,-122.2327104
PAST SALE,November-17-2017,Condo/Co-op,10822 E Riverside Dr Unit A103,Bothell,WA,98011,190000,2,1,Bothell,777,,1985,68,245,340,Sold,,,http://www.redfin.com/WA/Bothell/10822-E-Riverside-Dr-98011/unit-A103/home/30264,NWMLS,1179778,N,Y,47.754325,-122.195317
PAST SALE,January-12-2018,Mobile/Manufactured Home,19401 127th Ave NE,Bothell,WA,98011,360000,3,1.75,Holly Hills,1950,5681,1978,12,185,,Sold,,,http://www.redfin.com/WA/Bothell/19401-127th-Ave-NE-98011/home/59705070,NWMLS,1216426,N,Y,47.7684996,-122.1722991
PAST SALE,January-12-2018,Single Family Residential,20205 103rd Place NE,Bothell,WA,98011,650000,3,2.5,Maywood Hills,2220,9300,1973,12,293,,Sold,,,http://www.redfin.com/WA/Bothell/20205-103rd-Pl-NE-98011/home/286302,NWMLS,1212543,N,Y,47.7752786,-122.2037916
PAST SALE,January-11-2018,Single Family Residential,19225 4th Dr SE,Bothell,WA,98012,570000,3,2.75,Thrashers Corner,2744,9148,1969,13,208,,Sold,,,http://www.redfin.com/WA/Bothell/19225-4th-Dr-SE-98012/home/2749967,NWMLS,1204211,N,Y,47.82329,-122.225212
PAST SALE,January-10-2018,Single Family Residential,19607 37th Dr SE,Bothell,WA,98012,741000,4,2.5,Bothell,2395,4108,2014,14,309,85,Sold,,,http://www.redfin.com/WA/Bothell/19607-37th-Dr-SE-98012/home/54582970,NWMLS,1223106,N,Y,47.8196294,-122.1821386
PAST SALE,January-10-2018,Condo/Co-op,17812 36th Ave SE #3021,Bothell,WA,98012,701000,4,2.5,Bothell,2384,2799,2015,14,294,57,Sold,,,http://www.redfin.com/WA/Bothell/17812-36th-Ave-SE-98012/unit-3021/home/59706591,NWMLS,1223027,N,Y,47.8360891,-122.1846797
PAST SALE,January-10-2018,Single Family Residential,4515 224th St SE,Bothell,WA,98021,638500,3,2.25,North Bothell,2190,15682,1976,14,292,,Sold,,,http://www.redfin.com/WA/Bothell/4515-224th-St-SE-98021/home/2600778,NWMLS,1211135,N,Y,47.794833,-122.1722782
PAST SALE,January-11-2018,Mobile/Manufactured Home,3412 206th Place SE,Bothell,WA,98012,190000,2,1.75,Bothell,1440,6098,1971,13,132,150,Sold,,,http://www.redfin.com/WA/Bothell/3412-206th-Pl-SE-98012/home/2660877,NWMLS,1222212,N,Y,47.8103345,-122.1871761
PAST SALE,January-5-2018,Single Family Residential,112 175th Place SE,Bothell,WA,98012,745935,5,2.75,Bothell,2979,5469,2017,19,250,81,Sold,,,http://www.redfin.com/WA/Bothell/112-175th-Pl-SE-98012/home/143994850,NWMLS,1203299,N,Y,47.8385821,-122.2320209
PAST SALE,December-29-2017,Condo/Co-op,127 194th Place SW #17,Bothell,WA,98012,691995,4,2.5,Bothell,2346,3400,2017,26,295,68,Sold,,,http://www.redfin.com/WA/Bothell/127-194th-St-SW-98012/home/144442456,NWMLS,1223725,N,Y,47.8222472,-122.2355591
PAST SALE,December-29-2017,Single Family Residential,22418 Lot 1 43rd DR SE,Bothell,WA,98021,792725,3,2.5,Canyon Park,2518,3814,2017,26,315,102,Sold,,,http://www.redfin.com/WA/Bothell/22418-43rd-Dr-SE-98021/home/113885604,NWMLS,1129236,N,Y,47.793481,-122.1751093
PAST SALE,December-30-2017,Single Family Residential,22425 lot 52 43rd DR SE,Bothell,WA,98021,747426,4,3,Canyon Park,2256,3832,2017,25,331,102,Sold,,,http://www.redfin.com/WA/Bothell/22425-43rd-Dr-SE-98021/home/113983446,NWMLS,1129223,N,Y,47.793481,-122.1751093
PAST SALE,December-15-2017,Mobile/Manufactured Home,24121 10th Place W,Bothell,WA,98021,399000,2,1.75,Wandering Creek,1302,6098,1988,40,306,115,Sold,,,http://www.redfin.com/WA/Bothell/24121-10th-Pl-W-98021/home/2798488,NWMLS,1213835,N,Y,47.7791926,-122.2467101
PAST SALE,December-15-2017,Single Family Residential,4312 Lot 60 224TH Pl SE,Bothell,WA,98021,670000,3,2.5,Canyon Park,1778,3425,2017,40,377,102,Sold,,,http://www.redfin.com/WA/Bothell/60-224th-St-SE-98021/home/143180965,NWMLS,1175474,N,Y,47.7947513,-122.2320567
PAST SALE,December-8-2017,Single Family Residential,4321 Lot 55 224TH PL SE,Bothell,WA,98021,700714,4,3,Canyon Park,2256,3600,2017,47,311,102,Sold,,,http://www.redfin.com/WA/Bothell/55-224th-St-SE-98021/home/113896259,NWMLS,1122259,N,Y,47.7949533,-122.2326196
PAST SALE,December-7-2017,Single Family Residential,4413 231st Place SE,Bothell,WA,98021,821517,4,2.5,Bothell,2566,4000,2017,48,320,80,Sold,,,http://www.redfin.com/WA/Bothell/4413-231-Pl-SE-98021/home/114027973,NWMLS,1133257,N,Y,47.7883677,-122.1845996
PAST SALE,December-29-2017,Single Family Residential,20409 123rd Ave NE,Bothell,WA,98011,678000,4,2.5,Bothell,2400,3600,2007,26,283,37,Sold,,,http://www.redfin.com/WA/Bothell/20409-123rd-Ave-NE-98011/unit-36/home/12092746,NWMLS,1214884,N,Y,47.7757281,-122.176715
PAST SALE,November-9-2017,Single Family Residential,21319 11th Dr SE,Bothell,WA,98021,434850,3,2.25,Canyon Park,1580,8276,2006,76,275,160,Sold,,,http://www.redfin.com/WA/Bothell/21319-11th-Dr-SE-98021/home/11885330,NWMLS,1187488,N,Y,47.804759,-122.21755
PAST SALE,January-19-2018,Townhouse,18910 Bothell-Everett Hwy Unit M1,Bothell,WA,98012,275500,3,2.5,North Creek,1107,,1988,5,249,442,Sold,,,http://www.redfin.com/WA/Bothell/18910-Bothell-Everett-Hwy-98012/unit-M1/home/2826851,NWMLS,1218285,N,Y,47.8260994,-122.2085374
PAST SALE,December-15-2017,Single Family Residential,108 175th Place SE,Bothell,WA,98012,731695,5,2.75,Bothell,2723,4660,2017,40,269,81,Sold,,,http://www.redfin.com/WA/Bothell/108-175th-Pl-SE-98012/home/143994851,NWMLS,1203288,N,Y,47.8385821,-122.2320209
PAST SALE,November-28-2017,Single Family Residential,18719 43rd. Park SE,Bothell,WA,98012,634562,4,2.25,North Creek,2186,3100,2017,57,290,85,Sold,,,http://www.redfin.com/WA/Bothell/18719-43rd-Park-SE-98012/home/113439549,NWMLS,1092130,N,Y,47.8273629,-122.1745641
PAST SALE,November-22-2017,Single Family Residential,5 175th Place SE,Bothell,WA,98012,679990,4,3,Bothell,2809,4452,2017,63,242,,Sold,,,http://www.redfin.com/WA/Bothell/5-175th-Pl-SE-98012/home/113752148,NWMLS,1102578,N,Y,47.8385794,-122.232484
PAST SALE,November-30-2017,Single Family Residential,9 175th Place SE,Bothell,WA,98012,729990,4,3.5,Bothell,3301,4350,2017,55,221,,Sold,,,http://www.redfin.com/WA/Bothell/9-175th-Pl-SE-98012/home/113752109,NWMLS,1102576,N,Y,47.838773,-122.2324874
PAST SALE,,Vacant Land,20216 85th Pl NE,Bothell,WA,98011,1039000,4,4,,3370,8101,2017,,308,,,,,http://www.redfin.com/WA/Bothell/20216-85th-Pl-NE-98011/home/113996664,,,N,Y,47.7747724,-122.2258112
PAST SALE,January-18-2018,Single Family Residential,20210 85th Place NE,Bothell,WA,98011,1025000,4,4,North Bothell,3316,7266,2018,6,309,50,Sold,,,http://www.redfin.com/WA/Bothell/20210-85th-Pl-NE-98011/home/113996663,NWMLS,1233012,N,Y,47.774589,-122.2257067
PAST SALE,November-16-2017,Single Family Residential,212 239th (Lot 9) St SE,Bothell,WA,98021,1105856,5,2.75,Canyon Park,3228,10144,2017,69,343,92,Sold,,,http://www.redfin.com/WA/Bothell/212-239th-St-SW-98021/home/114104951,NWMLS,1137673,N,Y,47.7812223,-122.2361254
PAST SALE,November-9-2017,Single Family Residential,19021 84th Place NE,Bothell,WA,98011,959572,5,2.75,Bothell,3018,5524,2017,76,318,84,Sold,,,http://www.redfin.com/WA/Bothell/19021-84th-Pl-NE-98011/home/113178752,NWMLS,1154231,N,Y,47.7663375,-122.2278185
PAST SALE,January-19-2018,Single Family Residential,22710 1st Dr SE,Bothell,WA,98021,990000,3,2.75,Canyon Park,4602,18731,1976,5,215,,Sold,,,http://www.redfin.com/WA/Bothell/22710-1st-Dr-SE-98021/home/2772902,NWMLS,1199207,N,Y,47.7921181,-122.2310328
PAST SALE,November-1-2017,Single Family Residential,18220 42nd Dr SE,Bothell,WA,98012,703000,4,3.5,Bothell,2730,3920,2014,84,258,30,Sold,,,http://www.redfin.com/WA/Bothell/18220-42nd-Dr-SE-98012/home/58924459,NWMLS,1198479,N,Y,47.8321409,-122.1763908
